section_05_source_train_normal_0000_car_F1_spd_34V_mic_1_noise_6.wav,42.752011975535
section_05_source_train_normal_0001_car_F1_spd_34V_mic_1_noise_6.wav,42.2779392337105
section_05_source_train_normal_0002_car_F1_spd_34V_mic_1_noise_6.wav,38.08002673010628
section_05_source_train_normal_0003_car_F1_spd_34V_mic_1_noise_6.wav,23.965126218872
section_05_source_train_normal_0004_car_F1_spd_34V_mic_1_noise_6.wav,33.55258410579842
section_05_source_train_normal_0005_car_F1_spd_34V_mic_1_noise_6.wav,18.146110869746423
section_05_source_train_normal_0006_car_F1_spd_34V_mic_1_noise_6.wav,11.79054020609928
section_05_source_train_normal_0007_car_F1_spd_34V_mic_1_noise_6.wav,6.564380994047497
section_05_source_train_normal_0008_car_F1_spd_34V_mic_1_noise_6.wav,12.667439681106345
section_05_source_train_normal_0009_car_F1_spd_34V_mic_1_noise_6.wav,37.366088396336494
section_05_source_train_normal_0010_car_F1_spd_34V_mic_1_noise_6.wav,20.774116191841358
section_05_source_train_normal_0011_car_F1_spd_34V_mic_1_noise_6.wav,7.579930524193571
section_05_source_train_normal_0012_car_F1_spd_34V_mic_1_noise_6.wav,21.53648053437439
section_05_source_train_normal_0013_car_F1_spd_34V_mic_1_noise_6.wav,6.221850920191713
section_05_source_train_normal_0014_car_F2_spd_34V_mic_1_noise_6.wav,31.44199261417566
section_05_source_train_normal_0015_car_F2_spd_34V_mic_1_noise_6.wav,36.934861565499574
section_05_source_train_normal_0016_car_F2_spd_34V_mic_1_noise_6.wav,20.666966247423545
section_05_source_train_normal_0017_car_F2_spd_34V_mic_1_noise_6.wav,35.86385771625345
section_05_source_train_normal_0018_car_F2_spd_34V_mic_1_noise_6.wav,11.320084633163646
section_05_source_train_normal_0019_car_F2_spd_34V_mic_1_noise_6.wav,23.451906040879464
section_05_source_train_normal_0020_car_F2_spd_34V_mic_1_noise_6.wav,7.640515889093649
section_05_source_train_normal_0021_car_F2_spd_34V_mic_1_noise_6.wav,34.0347928082202
section_05_source_train_normal_0022_car_F2_spd_34V_mic_1_noise_6.wav,32.744279534922015
section_05_source_train_normal_0023_car_F2_spd_34V_mic_1_noise_6.wav,22.50841702137768
section_05_source_train_normal_0024_car_F2_spd_34V_mic_1_noise_6.wav,15.823533601194725
section_05_source_train_normal_0025_car_F2_spd_34V_mic_1_noise_6.wav,15.302513131571203
section_05_source_train_normal_0026_car_F2_spd_34V_mic_1_noise_6.wav,30.369755383025392
section_05_source_train_normal_0027_car_F2_spd_34V_mic_1_noise_6.wav,125.41971048716994
section_05_source_train_normal_0028_car_F2_spd_34V_mic_1_noise_6.wav,17.530818052745957
section_05_source_train_normal_0029_car_F2_spd_34V_mic_1_noise_6.wav,15.963891614085583
section_05_source_train_normal_0030_car_F2_spd_34V_mic_1_noise_6.wav,6.614381468613487
section_05_source_train_normal_0031_car_F2_spd_34V_mic_1_noise_6.wav,14.580499439809131
section_05_source_train_normal_0032_car_F2_spd_34V_mic_1_noise_6.wav,18.455569651862277
section_05_source_train_normal_0033_car_F2_spd_34V_mic_1_noise_6.wav,38.329442914208556
section_05_source_train_normal_0034_car_F2_spd_34V_mic_1_noise_6.wav,20.820561080205096
section_05_source_train_normal_0035_car_F2_spd_34V_mic_1_noise_6.wav,6.650384751467641
section_05_source_train_normal_0036_car_F2_spd_34V_mic_1_noise_6.wav,-12.79910107088483
section_05_source_train_normal_0037_car_F2_spd_34V_mic_1_noise_6.wav,14.738523751804223
section_05_source_train_normal_0038_car_F2_spd_34V_mic_1_noise_6.wav,-2.69245758569906
section_05_source_train_normal_0039_car_F2_spd_34V_mic_1_noise_6.wav,19.85472721632533
section_05_source_train_normal_0040_car_F2_spd_34V_mic_1_noise_6.wav,16.507453725744426
section_05_source_train_normal_0041_car_F2_spd_34V_mic_1_noise_6.wav,20.08679663800214
section_05_source_train_normal_0042_car_F2_spd_34V_mic_1_noise_6.wav,8.649077967984795
section_05_source_train_normal_0043_car_F2_spd_34V_mic_1_noise_6.wav,7.43350284625194
section_05_source_train_normal_0044_car_F2_spd_34V_mic_1_noise_6.wav,28.053918584173346
section_05_source_train_normal_0045_car_F2_spd_34V_mic_1_noise_6.wav,1.7135150630485896
section_05_source_train_normal_0046_car_F2_spd_34V_mic_1_noise_6.wav,4.910566585168851
section_05_source_train_normal_0047_car_F2_spd_34V_mic_1_noise_6.wav,19.41104316425762
section_05_source_train_normal_0048_car_F2_spd_34V_mic_1_noise_6.wav,72.2000714283937
section_05_source_train_normal_0049_car_F2_spd_34V_mic_1_noise_6.wav,27.624574548213957
section_05_source_train_normal_0050_car_F2_spd_34V_mic_1_noise_6.wav,11.476631906224839
section_05_source_train_normal_0051_car_F2_spd_34V_mic_1_noise_6.wav,36.2005704029805
section_05_source_train_normal_0052_car_F2_spd_34V_mic_1_noise_6.wav,20.207875558198026
section_05_source_train_normal_0053_car_F2_spd_34V_mic_1_noise_6.wav,2.9044186064767246
section_05_source_train_normal_0054_car_F2_spd_34V_mic_1_noise_6.wav,-0.584913211193566
section_05_source_train_normal_0055_car_F2_spd_34V_mic_1_noise_6.wav,30.70149432395786
section_05_source_train_normal_0056_car_F2_spd_34V_mic_1_noise_6.wav,9.459948411237008
section_05_source_train_normal_0057_car_F2_spd_34V_mic_1_noise_6.wav,-1.3146697087183838
section_05_source_train_normal_0058_car_F2_spd_34V_mic_1_noise_6.wav,8.635041965852281
section_05_source_train_normal_0059_car_F2_spd_34V_mic_1_noise_6.wav,12.081790371414826
section_05_source_train_normal_0060_car_F2_spd_34V_mic_1_noise_6.wav,11.76317077315187
section_05_source_train_normal_0061_car_F2_spd_34V_mic_1_noise_6.wav,26.752896057813132
section_05_source_train_normal_0062_car_F2_spd_34V_mic_1_noise_6.wav,3.8550339512800633
section_05_source_train_normal_0063_car_F1_spd_34V_mic_1_noise_6.wav,18.803138959999927
section_05_source_train_normal_0064_car_F1_spd_34V_mic_1_noise_6.wav,11.023557966655005
section_05_source_train_normal_0065_car_F1_spd_34V_mic_1_noise_6.wav,12.090581524190782
section_05_source_train_normal_0066_car_F1_spd_34V_mic_1_noise_6.wav,22.98297093847367
section_05_source_train_normal_0067_car_F1_spd_34V_mic_1_noise_6.wav,15.621849979300976
section_05_source_train_normal_0068_car_F1_spd_34V_mic_1_noise_6.wav,25.104617010942945
section_05_source_train_normal_0069_car_F1_spd_34V_mic_1_noise_6.wav,4.551741331309586
section_05_source_train_normal_0070_car_F1_spd_34V_mic_1_noise_6.wav,12.694867831952052
section_05_source_train_normal_0071_car_F1_spd_34V_mic_1_noise_6.wav,20.34225581672976
section_05_source_train_normal_0072_car_F1_spd_34V_mic_1_noise_6.wav,7.876846669592396
section_05_source_train_normal_0073_car_F1_spd_34V_mic_1_noise_6.wav,13.599392893734688
section_05_source_train_normal_0074_car_F1_spd_34V_mic_1_noise_6.wav,10.904636332579742
section_05_source_train_normal_0075_car_F1_spd_34V_mic_1_noise_6.wav,20.84536578971162
section_05_source_train_normal_0076_car_F1_spd_34V_mic_1_noise_6.wav,1.6755242143912312
section_05_source_train_normal_0077_car_F1_spd_34V_mic_1_noise_6.wav,60.035691544448525
section_05_source_train_normal_0078_car_F1_spd_34V_mic_1_noise_6.wav,15.71410120815807
section_05_source_train_normal_0079_car_F1_spd_34V_mic_1_noise_6.wav,7.932704517116434
section_05_source_train_normal_0080_car_F1_spd_34V_mic_1_noise_6.wav,3.1977139810923916
section_05_source_train_normal_0081_car_F1_spd_34V_mic_1_noise_6.wav,4.067709925359594
section_05_source_train_normal_0082_car_F1_spd_34V_mic_1_noise_6.wav,4.0866950002246085
section_05_source_train_normal_0083_car_F1_spd_34V_mic_1_noise_6.wav,-3.278579665277846
section_05_source_train_normal_0084_car_F1_spd_34V_mic_1_noise_6.wav,-0.28259638949231203
section_05_source_train_normal_0085_car_F1_spd_34V_mic_1_noise_6.wav,3.8820964027699745
section_05_source_train_normal_0086_car_F1_spd_34V_mic_1_noise_6.wav,4.991032683554977
section_05_source_train_normal_0087_car_F1_spd_34V_mic_1_noise_6.wav,19.044808528482804
section_05_source_train_normal_0088_car_F1_spd_34V_mic_1_noise_6.wav,10.12282403002564
section_05_source_train_normal_0089_car_F1_spd_34V_mic_1_noise_6.wav,-9.292926316836997
section_05_source_train_normal_0090_car_F1_spd_34V_mic_1_noise_6.wav,6.441905707448456
section_05_source_train_normal_0091_car_F1_spd_34V_mic_1_noise_6.wav,29.20850157578832
section_05_source_train_normal_0092_car_F1_spd_34V_mic_1_noise_6.wav,18.844845385552503
section_05_source_train_normal_0093_car_F1_spd_34V_mic_1_noise_6.wav,8.073638114150242
section_05_source_train_normal_0094_car_F1_spd_34V_mic_1_noise_6.wav,7.148003617376617
section_05_source_train_normal_0095_car_F1_spd_34V_mic_1_noise_6.wav,5.52492165374278
section_05_source_train_normal_0096_car_F1_spd_34V_mic_1_noise_6.wav,-7.096401136145175
section_05_source_train_normal_0097_car_F1_spd_34V_mic_1_noise_6.wav,4.43210875063852
section_05_source_train_normal_0098_car_F1_spd_34V_mic_1_noise_6.wav,-4.827137331623675
section_05_source_train_normal_0099_car_F1_spd_34V_mic_1_noise_6.wav,17.6484813121524
section_05_source_train_normal_0100_car_F1_spd_34V_mic_1_noise_6.wav,5.210469386040188
section_05_source_train_normal_0101_car_F1_spd_34V_mic_1_noise_6.wav,17.03385534929157
section_05_source_train_normal_0102_car_F1_spd_34V_mic_1_noise_6.wav,10.625069187804002
section_05_source_train_normal_0103_car_F1_spd_34V_mic_1_noise_6.wav,6.521920717817693
section_05_source_train_normal_0104_car_F1_spd_34V_mic_1_noise_6.wav,-6.923287112389119
section_05_source_train_normal_0105_car_F1_spd_34V_mic_1_noise_6.wav,22.22946102687277
section_05_source_train_normal_0106_car_F1_spd_34V_mic_1_noise_6.wav,68.46090870752658
section_05_source_train_normal_0107_car_F1_spd_34V_mic_1_noise_6.wav,17.056594877392087
section_05_source_train_normal_0108_car_F1_spd_34V_mic_1_noise_6.wav,48.10955852058672
section_05_source_train_normal_0109_car_F1_spd_34V_mic_1_noise_6.wav,0.8281442931969138
section_05_source_train_normal_0110_car_F1_spd_34V_mic_1_noise_6.wav,46.600077186206306
section_05_source_train_normal_0111_car_F1_spd_34V_mic_1_noise_6.wav,6.410454645173388
section_05_source_train_normal_0112_car_F2_spd_34V_mic_1_noise_6.wav,125.72572844141979
section_05_source_train_normal_0113_car_F2_spd_34V_mic_1_noise_6.wav,18.197886893085013
section_05_source_train_normal_0114_car_F2_spd_34V_mic_1_noise_6.wav,103.43442072519588
section_05_source_train_normal_0115_car_F2_spd_34V_mic_1_noise_6.wav,29.04305655749161
section_05_source_train_normal_0116_car_F2_spd_34V_mic_1_noise_6.wav,11.588275446959187
section_05_source_train_normal_0117_car_F2_spd_34V_mic_1_noise_6.wav,14.8257290823924
section_05_source_train_normal_0118_car_F2_spd_34V_mic_1_noise_6.wav,38.0217282597591
section_05_source_train_normal_0119_car_F2_spd_34V_mic_1_noise_6.wav,13.853726227765435
section_05_source_train_normal_0120_car_F2_spd_34V_mic_1_noise_6.wav,73.24449104821656
section_05_source_train_normal_0121_car_F2_spd_34V_mic_1_noise_6.wav,12.524270394388566
section_05_source_train_normal_0122_car_F2_spd_34V_mic_1_noise_6.wav,-0.08176987411246728
section_05_source_train_normal_0123_car_F2_spd_34V_mic_1_noise_6.wav,14.74435231526391
section_05_source_train_normal_0124_car_F2_spd_34V_mic_1_noise_6.wav,10.819373233727958
section_05_source_train_normal_0125_car_F2_spd_34V_mic_1_noise_6.wav,-1.6600892901988118
section_05_source_train_normal_0126_car_F2_spd_34V_mic_1_noise_6.wav,-2.3953716774212808
section_05_source_train_normal_0127_car_F2_spd_34V_mic_1_noise_6.wav,8.467041534341433
section_05_source_train_normal_0128_car_F2_spd_34V_mic_1_noise_6.wav,41.177891595773104
section_05_source_train_normal_0129_car_F2_spd_34V_mic_1_noise_6.wav,27.87035317193255
section_05_source_train_normal_0130_car_F2_spd_34V_mic_1_noise_6.wav,-0.6048314811808098
section_05_source_train_normal_0131_car_F2_spd_34V_mic_1_noise_6.wav,11.04593836086417
section_05_source_train_normal_0132_car_F2_spd_34V_mic_1_noise_6.wav,0.9639099830515363
section_05_source_train_normal_0133_car_F2_spd_34V_mic_1_noise_6.wav,10.644209448620586
section_05_source_train_normal_0134_car_F2_spd_34V_mic_1_noise_6.wav,-4.064644409898563
section_05_source_train_normal_0135_car_F2_spd_34V_mic_1_noise_6.wav,18.16884312549007
section_05_source_train_normal_0136_car_F2_spd_34V_mic_1_noise_6.wav,10.459272418542838
section_05_source_train_normal_0137_car_F2_spd_34V_mic_1_noise_6.wav,-4.39901028320125
section_05_source_train_normal_0138_car_F2_spd_34V_mic_1_noise_6.wav,12.004372621810887
section_05_source_train_normal_0139_car_F2_spd_34V_mic_1_noise_6.wav,2.1100792497125553
section_05_source_train_normal_0140_car_F2_spd_34V_mic_1_noise_6.wav,-2.936919456319913
section_05_source_train_normal_0141_car_F2_spd_34V_mic_1_noise_6.wav,3.5321292000276685
section_05_source_train_normal_0142_car_F2_spd_34V_mic_1_noise_6.wav,72.90724322805016
section_05_source_train_normal_0143_car_F2_spd_34V_mic_1_noise_6.wav,32.268967684205734
section_05_source_train_normal_0144_car_F2_spd_34V_mic_1_noise_6.wav,18.465158603740804
section_05_source_train_normal_0145_car_F2_spd_34V_mic_1_noise_6.wav,-0.5387385218280656
section_05_source_train_normal_0146_car_F2_spd_34V_mic_1_noise_6.wav,4.4279554809654655
section_05_source_train_normal_0147_car_F2_spd_34V_mic_1_noise_6.wav,7.330145011450725
section_05_source_train_normal_0148_car_F2_spd_34V_mic_1_noise_6.wav,7.220187685551537
section_05_source_train_normal_0149_car_F2_spd_34V_mic_1_noise_6.wav,3.4970027462746316
section_05_source_train_normal_0150_car_F2_spd_34V_mic_1_noise_6.wav,15.803569571900056
section_05_source_train_normal_0151_car_F2_spd_34V_mic_1_noise_6.wav,16.65370068433262
section_05_source_train_normal_0152_car_F2_spd_34V_mic_1_noise_6.wav,6.404599500426571
section_05_source_train_normal_0153_car_F2_spd_34V_mic_1_noise_6.wav,10.819947503006489
section_05_source_train_normal_0154_car_F2_spd_34V_mic_1_noise_6.wav,12.651410858791706
section_05_source_train_normal_0155_car_F2_spd_34V_mic_1_noise_6.wav,-5.6996940292305
section_05_source_train_normal_0156_car_F2_spd_34V_mic_1_noise_6.wav,-2.8367575794977995
section_05_source_train_normal_0157_car_F2_spd_34V_mic_1_noise_6.wav,-1.6785492955062011
section_05_source_train_normal_0158_car_F2_spd_34V_mic_1_noise_6.wav,-1.6407725864936822
section_05_source_train_normal_0159_car_F2_spd_34V_mic_1_noise_6.wav,-2.355080096608475
section_05_source_train_normal_0160_car_F2_spd_34V_mic_1_noise_6.wav,46.09646836080543
section_05_source_train_normal_0161_car_F1_spd_34V_mic_1_noise_6.wav,62.12351871860551
section_05_source_train_normal_0162_car_F1_spd_34V_mic_1_noise_6.wav,36.58806031939696
section_05_source_train_normal_0163_car_F1_spd_34V_mic_1_noise_6.wav,29.900852418704943
section_05_source_train_normal_0164_car_F1_spd_34V_mic_1_noise_6.wav,25.34297070742238
section_05_source_train_normal_0165_car_F1_spd_34V_mic_1_noise_6.wav,24.532234803112715
section_05_source_train_normal_0166_car_F1_spd_34V_mic_1_noise_6.wav,21.81177989476538
section_05_source_train_normal_0167_car_F1_spd_34V_mic_1_noise_6.wav,4.313073273662411
section_05_source_train_normal_0168_car_F1_spd_34V_mic_1_noise_6.wav,4.928905651816649
section_05_source_train_normal_0169_car_F1_spd_34V_mic_1_noise_6.wav,12.693457936398318
section_05_source_train_normal_0170_car_F1_spd_34V_mic_1_noise_6.wav,0.428195389187465
section_05_source_train_normal_0171_car_F1_spd_34V_mic_1_noise_6.wav,18.43482849090782
section_05_source_train_normal_0172_car_F1_spd_34V_mic_1_noise_6.wav,-5.927474533219595
section_05_source_train_normal_0173_car_F1_spd_34V_mic_1_noise_6.wav,5.833447834972247
section_05_source_train_normal_0174_car_F1_spd_34V_mic_1_noise_6.wav,3.0718021751911806
section_05_source_train_normal_0175_car_F1_spd_34V_mic_1_noise_6.wav,66.8018125579228
section_05_source_train_normal_0176_car_F1_spd_34V_mic_1_noise_6.wav,3.631077350404553
section_05_source_train_normal_0177_car_F1_spd_34V_mic_1_noise_6.wav,-3.8494265011206608
section_05_source_train_normal_0178_car_F1_spd_34V_mic_1_noise_6.wav,-0.4894298974762421
section_05_source_train_normal_0179_car_F1_spd_34V_mic_1_noise_6.wav,3.94538005978535
section_05_source_train_normal_0180_car_F1_spd_34V_mic_1_noise_6.wav,-0.73871765331387
section_05_source_train_normal_0181_car_F1_spd_34V_mic_1_noise_6.wav,9.638715590759972
section_05_source_train_normal_0182_car_F1_spd_34V_mic_1_noise_6.wav,-7.937534365857914
section_05_source_train_normal_0183_car_F1_spd_34V_mic_1_noise_6.wav,-5.5989256368577
section_05_source_train_normal_0184_car_F1_spd_34V_mic_1_noise_6.wav,2.007746502856719
section_05_source_train_normal_0185_car_F1_spd_34V_mic_1_noise_6.wav,-8.010778785981103
section_05_source_train_normal_0186_car_F1_spd_34V_mic_1_noise_6.wav,0.8141598960085048
section_05_source_train_normal_0187_car_F1_spd_34V_mic_1_noise_6.wav,-6.014453108046098
section_05_source_train_normal_0188_car_F1_spd_34V_mic_1_noise_6.wav,-9.275907368941432
section_05_source_train_normal_0189_car_F1_spd_34V_mic_1_noise_6.wav,-2.730551694966465
section_05_source_train_normal_0190_car_F1_spd_34V_mic_1_noise_6.wav,-4.283526471100799
section_05_source_train_normal_0191_car_F1_spd_34V_mic_1_noise_6.wav,-5.815400779113702
section_05_source_train_normal_0192_car_F1_spd_34V_mic_1_noise_6.wav,21.630746373265765
section_05_source_train_normal_0193_car_F1_spd_34V_mic_1_noise_6.wav,-0.589870943860717
section_05_source_train_normal_0194_car_F1_spd_34V_mic_1_noise_6.wav,21.75059242026009
section_05_source_train_normal_0195_car_F1_spd_34V_mic_1_noise_6.wav,0.41336157131269147
section_05_source_train_normal_0196_car_F1_spd_34V_mic_1_noise_6.wav,-14.93938473290882
section_05_source_train_normal_0197_car_F1_spd_34V_mic_1_noise_6.wav,-1.2004865333011594
section_05_source_train_normal_0198_car_F1_spd_34V_mic_1_noise_6.wav,4.867067081990228
section_05_source_train_normal_0199_car_F1_spd_34V_mic_1_noise_6.wav,9.180661824598303
section_05_source_train_normal_0200_car_F1_spd_34V_mic_1_noise_6.wav,9.923889162015087
section_05_source_train_normal_0201_car_F1_spd_34V_mic_1_noise_6.wav,5.618419604952322
section_05_source_train_normal_0202_car_F1_spd_34V_mic_1_noise_6.wav,-9.97412685576353
section_05_source_train_normal_0203_car_F1_spd_34V_mic_1_noise_6.wav,-6.099087571707486
section_05_source_train_normal_0204_car_F1_spd_34V_mic_1_noise_6.wav,9.13319865450461
section_05_source_train_normal_0205_car_F1_spd_34V_mic_1_noise_6.wav,4.696385139077137
section_05_source_train_normal_0206_car_F1_spd_34V_mic_1_noise_6.wav,-6.042793392238195
section_05_source_train_normal_0207_car_F1_spd_34V_mic_1_noise_6.wav,5.0319293801968
section_05_source_train_normal_0208_car_F1_spd_34V_mic_1_noise_6.wav,-10.719652310402182
section_05_source_train_normal_0209_car_F1_spd_34V_mic_1_noise_6.wav,-4.375206837011547
section_05_source_train_normal_0210_car_F1_spd_34V_mic_1_noise_6.wav,55.327218254421155
section_05_source_train_normal_0211_car_F1_spd_34V_mic_1_noise_6.wav,26.883728976781015
section_05_source_train_normal_0212_car_F1_spd_34V_mic_1_noise_6.wav,36.71771843336535
section_05_source_train_normal_0213_car_F1_spd_34V_mic_1_noise_6.wav,39.72410612488511
section_05_source_train_normal_0214_car_F1_spd_34V_mic_1_noise_6.wav,20.566852904060397
section_05_source_train_normal_0215_car_F1_spd_34V_mic_1_noise_6.wav,17.589002535865006
section_05_source_train_normal_0216_car_F1_spd_34V_mic_1_noise_6.wav,13.01461774125346
section_05_source_train_normal_0217_car_F1_spd_34V_mic_1_noise_6.wav,4.534176650159452
section_05_source_train_normal_0218_car_F1_spd_34V_mic_1_noise_6.wav,17.49060957961325
section_05_source_train_normal_0219_car_F1_spd_34V_mic_1_noise_6.wav,14.785093869377135
section_05_source_train_normal_0220_car_F1_spd_34V_mic_1_noise_6.wav,14.367884735119077
section_05_source_train_normal_0221_car_F1_spd_34V_mic_1_noise_6.wav,0.9231358088773618
section_05_source_train_normal_0222_car_F1_spd_34V_mic_1_noise_6.wav,24.560778421499833
section_05_source_train_normal_0223_car_F1_spd_34V_mic_1_noise_6.wav,1.3993479675480671
section_05_source_train_normal_0224_car_F1_spd_34V_mic_1_noise_6.wav,0.4452573115081577
section_05_source_train_normal_0225_car_F1_spd_34V_mic_1_noise_6.wav,9.003168335451107
section_05_source_train_normal_0226_car_F1_spd_34V_mic_1_noise_6.wav,48.02339042540015
section_05_source_train_normal_0227_car_F1_spd_34V_mic_1_noise_6.wav,3.6360662571024704
section_05_source_train_normal_0228_car_F1_spd_34V_mic_1_noise_6.wav,1.291038329690167
section_05_source_train_normal_0229_car_F1_spd_34V_mic_1_noise_6.wav,16.034505699303537
section_05_source_train_normal_0230_car_F1_spd_34V_mic_1_noise_6.wav,12.493961672455129
section_05_source_train_normal_0231_car_F1_spd_34V_mic_1_noise_6.wav,8.438609450971285
section_05_source_train_normal_0232_car_F1_spd_34V_mic_1_noise_6.wav,-2.8543288895011187
section_05_source_train_normal_0233_car_F1_spd_34V_mic_1_noise_6.wav,2.7048575677641793
section_05_source_train_normal_0234_car_F1_spd_34V_mic_1_noise_6.wav,2.654658313656938
section_05_source_train_normal_0235_car_F1_spd_34V_mic_1_noise_6.wav,22.82593120648599
section_05_source_train_normal_0236_car_F1_spd_34V_mic_1_noise_6.wav,0.5523175107484235
section_05_source_train_normal_0237_car_F1_spd_34V_mic_1_noise_6.wav,12.912407302945923
section_05_source_train_normal_0238_car_F1_spd_34V_mic_1_noise_6.wav,-4.93845366654665
section_05_source_train_normal_0239_car_F1_spd_34V_mic_1_noise_6.wav,-5.769199674930974
section_05_source_train_normal_0240_car_F1_spd_34V_mic_1_noise_6.wav,5.555774671730717
section_05_source_train_normal_0241_car_F1_spd_34V_mic_1_noise_6.wav,0.3138551639607101
section_05_source_train_normal_0242_car_F1_spd_34V_mic_1_noise_6.wav,35.328555507936244
section_05_source_train_normal_0243_car_F1_spd_34V_mic_1_noise_6.wav,1.2265404763808192
section_05_source_train_normal_0244_car_F1_spd_34V_mic_1_noise_6.wav,-5.866449108428981
section_05_source_train_normal_0245_car_F1_spd_34V_mic_1_noise_6.wav,6.147455700857847
section_05_source_train_normal_0246_car_F1_spd_34V_mic_1_noise_6.wav,22.09327524879086
section_05_source_train_normal_0247_car_F1_spd_34V_mic_1_noise_6.wav,66.24703974919188
section_05_source_train_normal_0248_car_F1_spd_34V_mic_1_noise_6.wav,7.355069492818956
section_05_source_train_normal_0249_car_F1_spd_34V_mic_1_noise_6.wav,0.1958122101568165
section_05_source_train_normal_0250_car_F1_spd_34V_mic_1_noise_6.wav,-1.6683415190331914
section_05_source_train_normal_0251_car_F1_spd_34V_mic_1_noise_6.wav,-2.792484170644741
section_05_source_train_normal_0252_car_F1_spd_34V_mic_1_noise_6.wav,5.33636375906346
section_05_source_train_normal_0253_car_F1_spd_34V_mic_1_noise_6.wav,2.2885348636094704
section_05_source_train_normal_0254_car_F1_spd_34V_mic_1_noise_6.wav,9.276152004883045
section_05_source_train_normal_0255_car_F1_spd_34V_mic_1_noise_6.wav,19.946678995526668
section_05_source_train_normal_0256_car_F1_spd_34V_mic_1_noise_6.wav,6.632533216743354
section_05_source_train_normal_0257_car_F1_spd_34V_mic_1_noise_6.wav,12.062357718758818
section_05_source_train_normal_0258_car_F1_spd_34V_mic_1_noise_6.wav,10.646543347153624
section_05_source_train_normal_0259_car_F2_spd_34V_mic_1_noise_6.wav,62.60608243089155
section_05_source_train_normal_0260_car_F2_spd_34V_mic_1_noise_6.wav,44.29533069491163
section_05_source_train_normal_0261_car_F2_spd_34V_mic_1_noise_6.wav,71.77690306929526
section_05_source_train_normal_0262_car_F2_spd_34V_mic_1_noise_6.wav,46.68442984676108
section_05_source_train_normal_0263_car_F2_spd_34V_mic_1_noise_6.wav,32.688122546252686
section_05_source_train_normal_0264_car_F2_spd_34V_mic_1_noise_6.wav,31.284176717287806
section_05_source_train_normal_0265_car_F2_spd_34V_mic_1_noise_6.wav,22.23080014175224
section_05_source_train_normal_0266_car_F2_spd_34V_mic_1_noise_6.wav,30.567209500443795
section_05_source_train_normal_0267_car_F2_spd_34V_mic_1_noise_6.wav,37.561616570992555
section_05_source_train_normal_0268_car_F2_spd_34V_mic_1_noise_6.wav,54.5208532303908
section_05_source_train_normal_0269_car_F2_spd_34V_mic_1_noise_6.wav,41.845193505384316
section_05_source_train_normal_0270_car_F2_spd_34V_mic_1_noise_6.wav,48.82697918861376
section_05_source_train_normal_0271_car_F2_spd_34V_mic_1_noise_6.wav,45.067150882900705
section_05_source_train_normal_0272_car_F2_spd_34V_mic_1_noise_6.wav,51.88586824740608
section_05_source_train_normal_0273_car_F2_spd_34V_mic_1_noise_6.wav,37.56676156436373
section_05_source_train_normal_0274_car_F2_spd_34V_mic_1_noise_6.wav,38.81476793101268
section_05_source_train_normal_0275_car_F2_spd_34V_mic_1_noise_6.wav,27.395011283720265
section_05_source_train_normal_0276_car_F2_spd_34V_mic_1_noise_6.wav,22.86349621137623
section_05_source_train_normal_0277_car_F2_spd_34V_mic_1_noise_6.wav,15.089819319389505
section_05_source_train_normal_0278_car_F2_spd_34V_mic_1_noise_6.wav,27.24756030496974
section_05_source_train_normal_0279_car_F2_spd_34V_mic_1_noise_6.wav,50.25217521362936
section_05_source_train_normal_0280_car_F2_spd_34V_mic_1_noise_6.wav,14.876671528506506
section_05_source_train_normal_0281_car_F2_spd_34V_mic_1_noise_6.wav,16.4820876699967
section_05_source_train_normal_0282_car_F2_spd_34V_mic_1_noise_6.wav,19.37498118834091
section_05_source_train_normal_0283_car_F2_spd_34V_mic_1_noise_6.wav,7.293389073503931
section_05_source_train_normal_0284_car_F2_spd_34V_mic_1_noise_6.wav,-1.2472082545048409
section_05_source_train_normal_0285_car_F2_spd_34V_mic_1_noise_6.wav,23.805404790823445
section_05_source_train_normal_0286_car_F2_spd_34V_mic_1_noise_6.wav,24.271801324708292
section_05_source_train_normal_0287_car_F2_spd_34V_mic_1_noise_6.wav,19.795205262971308
section_05_source_train_normal_0288_car_F2_spd_34V_mic_1_noise_6.wav,8.827212961804122
section_05_source_train_normal_0289_car_F2_spd_34V_mic_1_noise_6.wav,7.855968301310384
section_05_source_train_normal_0290_car_F2_spd_34V_mic_1_noise_6.wav,16.03099141618239
section_05_source_train_normal_0291_car_F2_spd_34V_mic_1_noise_6.wav,11.455236955843532
section_05_source_train_normal_0292_car_F2_spd_34V_mic_1_noise_6.wav,48.86095174438614
section_05_source_train_normal_0293_car_F2_spd_34V_mic_1_noise_6.wav,10.782544718460713
section_05_source_train_normal_0294_car_F2_spd_34V_mic_1_noise_6.wav,3.8473245948836734
section_05_source_train_normal_0295_car_F2_spd_34V_mic_1_noise_6.wav,14.42831774033013
section_05_source_train_normal_0296_car_F2_spd_34V_mic_1_noise_6.wav,25.788432732723265
section_05_source_train_normal_0297_car_F2_spd_34V_mic_1_noise_6.wav,30.106406099490584
section_05_source_train_normal_0298_car_F2_spd_34V_mic_1_noise_6.wav,9.874428657049947
section_05_source_train_normal_0299_car_F2_spd_34V_mic_1_noise_6.wav,-0.33370199223801933
section_05_source_train_normal_0300_car_F2_spd_34V_mic_1_noise_6.wav,19.123072491878247
section_05_source_train_normal_0301_car_F2_spd_34V_mic_1_noise_6.wav,7.294462299601349
section_05_source_train_normal_0302_car_F2_spd_34V_mic_1_noise_6.wav,4.234882702787161
section_05_source_train_normal_0303_car_F2_spd_34V_mic_1_noise_6.wav,4.088826141050788
section_05_source_train_normal_0304_car_F2_spd_34V_mic_1_noise_6.wav,8.693879025925611
section_05_source_train_normal_0305_car_F2_spd_34V_mic_1_noise_6.wav,224.9955269267615
section_05_source_train_normal_0306_car_F2_spd_34V_mic_1_noise_6.wav,1.6767803948510789
section_05_source_train_normal_0307_car_F2_spd_34V_mic_1_noise_6.wav,12.069281488070288
section_05_source_train_normal_0308_car_F2_spd_34V_mic_1_noise_6.wav,58.24706115042744
section_05_source_train_normal_0309_car_F2_spd_34V_mic_1_noise_6.wav,3.627790144774224
section_05_source_train_normal_0310_car_F2_spd_34V_mic_1_noise_6.wav,-2.532259061692912
section_05_source_train_normal_0311_car_F2_spd_34V_mic_1_noise_6.wav,9.816936470487292
section_05_source_train_normal_0312_car_F2_spd_34V_mic_1_noise_6.wav,7.030070375822504
section_05_source_train_normal_0313_car_F2_spd_34V_mic_1_noise_6.wav,10.617088308438298
section_05_source_train_normal_0314_car_F2_spd_34V_mic_1_noise_6.wav,16.39572034691696
section_05_source_train_normal_0315_car_F2_spd_34V_mic_1_noise_6.wav,9.655285577389293
section_05_source_train_normal_0316_car_F2_spd_34V_mic_1_noise_6.wav,9.88732869858518
section_05_source_train_normal_0317_car_F2_spd_34V_mic_1_noise_6.wav,6.431756286994016
section_05_source_train_normal_0318_car_F2_spd_34V_mic_1_noise_6.wav,17.84204048008212
section_05_source_train_normal_0319_car_F2_spd_34V_mic_1_noise_6.wav,10.669418275915376
section_05_source_train_normal_0320_car_F2_spd_34V_mic_1_noise_6.wav,122.95832444923911
section_05_source_train_normal_0321_car_F2_spd_34V_mic_1_noise_6.wav,10.00378558157081
section_05_source_train_normal_0322_car_F1_spd_34V_mic_1_noise_6.wav,35.504880613717035
section_05_source_train_normal_0323_car_F1_spd_34V_mic_1_noise_6.wav,37.73390370213647
section_05_source_train_normal_0324_car_F1_spd_34V_mic_1_noise_6.wav,16.02886363217769
section_05_source_train_normal_0325_car_F1_spd_34V_mic_1_noise_6.wav,19.24392283392862
section_05_source_train_normal_0326_car_F1_spd_34V_mic_1_noise_6.wav,20.227267591250097
section_05_source_train_normal_0327_car_F1_spd_34V_mic_1_noise_6.wav,28.981709573081133
section_05_source_train_normal_0328_car_F1_spd_34V_mic_1_noise_6.wav,4.443761668609625
section_05_source_train_normal_0329_car_F1_spd_34V_mic_1_noise_6.wav,9.825815097459923
section_05_source_train_normal_0330_car_F1_spd_34V_mic_1_noise_6.wav,17.921467871678914
section_05_source_train_normal_0331_car_F1_spd_34V_mic_1_noise_6.wav,2.5526953303413507
section_05_source_train_normal_0332_car_F1_spd_34V_mic_1_noise_6.wav,-4.2490197796451525
section_05_source_train_normal_0333_car_F1_spd_34V_mic_1_noise_6.wav,17.470726990183664
section_05_source_train_normal_0334_car_F1_spd_34V_mic_1_noise_6.wav,14.673780077446935
section_05_source_train_normal_0335_car_F1_spd_34V_mic_1_noise_6.wav,-0.8993790145740377
section_05_source_train_normal_0336_car_F1_spd_34V_mic_1_noise_6.wav,2.4169827831734096
section_05_source_train_normal_0337_car_F1_spd_34V_mic_1_noise_6.wav,45.8257123518236
section_05_source_train_normal_0338_car_F1_spd_34V_mic_1_noise_6.wav,8.794891245489282
section_05_source_train_normal_0339_car_F1_spd_34V_mic_1_noise_6.wav,1.2905519403550727
section_05_source_train_normal_0340_car_F1_spd_34V_mic_1_noise_6.wav,0.5673428411438408
section_05_source_train_normal_0341_car_F1_spd_34V_mic_1_noise_6.wav,37.9466503442936
section_05_source_train_normal_0342_car_F1_spd_34V_mic_1_noise_6.wav,3.870916558936699
section_05_source_train_normal_0343_car_F1_spd_34V_mic_1_noise_6.wav,20.06148726773938
section_05_source_train_normal_0344_car_F1_spd_34V_mic_1_noise_6.wav,9.65317613027122
section_05_source_train_normal_0345_car_F1_spd_34V_mic_1_noise_6.wav,18.559776598531215
section_05_source_train_normal_0346_car_F1_spd_34V_mic_1_noise_6.wav,5.573236077953197
section_05_source_train_normal_0347_car_F1_spd_34V_mic_1_noise_6.wav,4.21308721436742
section_05_source_train_normal_0348_car_F1_spd_34V_mic_1_noise_6.wav,-15.21344597894074
section_05_source_train_normal_0349_car_F1_spd_34V_mic_1_noise_6.wav,-10.182065748040202
section_05_source_train_normal_0350_car_F1_spd_34V_mic_1_noise_6.wav,7.767499928945767
section_05_source_train_normal_0351_car_F1_spd_34V_mic_1_noise_6.wav,-2.2735336089419036
section_05_source_train_normal_0352_car_F1_spd_34V_mic_1_noise_6.wav,23.122388856037787
section_05_source_train_normal_0353_car_F1_spd_34V_mic_1_noise_6.wav,-2.588065130683077
section_05_source_train_normal_0354_car_F1_spd_34V_mic_1_noise_6.wav,7.2374547324005505
section_05_source_train_normal_0355_car_F1_spd_34V_mic_1_noise_6.wav,10.677467663560037
section_05_source_train_normal_0356_car_F1_spd_34V_mic_1_noise_6.wav,-3.7248830887991176
section_05_source_train_normal_0357_car_F1_spd_34V_mic_1_noise_6.wav,14.51526382059501
section_05_source_train_normal_0358_car_F1_spd_34V_mic_1_noise_6.wav,-3.098361018668669
section_05_source_train_normal_0359_car_F1_spd_34V_mic_1_noise_6.wav,34.52214774698339
section_05_source_train_normal_0360_car_F1_spd_34V_mic_1_noise_6.wav,10.493429379024633
section_05_source_train_normal_0361_car_F1_spd_34V_mic_1_noise_6.wav,15.985871043247187
section_05_source_train_normal_0362_car_F1_spd_34V_mic_1_noise_6.wav,12.628043283613977
section_05_source_train_normal_0363_car_F1_spd_34V_mic_1_noise_6.wav,17.015965209401372
section_05_source_train_normal_0364_car_F1_spd_34V_mic_1_noise_6.wav,-0.5865854775351806
section_05_source_train_normal_0365_car_F1_spd_34V_mic_1_noise_6.wav,5.320007053251231
section_05_source_train_normal_0366_car_F1_spd_34V_mic_1_noise_6.wav,6.3931632699868715
section_05_source_train_normal_0367_car_F1_spd_34V_mic_1_noise_6.wav,1.7436710363535894
section_05_source_train_normal_0368_car_F1_spd_34V_mic_1_noise_6.wav,14.72598621488217
section_05_source_train_normal_0369_car_F1_spd_34V_mic_1_noise_6.wav,13.000547599901523
section_05_source_train_normal_0370_car_F1_spd_34V_mic_1_noise_6.wav,0.9454492726123362
section_05_source_train_normal_0371_car_F2_spd_34V_mic_1_noise_6.wav,99.01202422923927
section_05_source_train_normal_0372_car_F2_spd_34V_mic_1_noise_6.wav,69.78280505248358
section_05_source_train_normal_0373_car_F2_spd_34V_mic_1_noise_6.wav,52.19837528107047
section_05_source_train_normal_0374_car_F2_spd_34V_mic_1_noise_6.wav,49.248260265603506
section_05_source_train_normal_0375_car_F2_spd_34V_mic_1_noise_6.wav,36.83835635946855
section_05_source_train_normal_0376_car_F2_spd_34V_mic_1_noise_6.wav,57.40342180796631
section_05_source_train_normal_0377_car_F2_spd_34V_mic_1_noise_6.wav,61.03608010301045
section_05_source_train_normal_0378_car_F2_spd_34V_mic_1_noise_6.wav,32.51896298385435
section_05_source_train_normal_0379_car_F2_spd_34V_mic_1_noise_6.wav,36.072824055110345
section_05_source_train_normal_0380_car_F2_spd_34V_mic_1_noise_6.wav,32.4947081018143
section_05_source_train_normal_0381_car_F2_spd_34V_mic_1_noise_6.wav,55.242552992245635
section_05_source_train_normal_0382_car_F2_spd_34V_mic_1_noise_6.wav,90.78805073826106
section_05_source_train_normal_0383_car_F2_spd_34V_mic_1_noise_6.wav,38.47992439359837
section_05_source_train_normal_0384_car_F2_spd_34V_mic_1_noise_6.wav,24.12089192172391
section_05_source_train_normal_0385_car_F2_spd_34V_mic_1_noise_6.wav,36.501359329526736
section_05_source_train_normal_0386_car_F2_spd_34V_mic_1_noise_6.wav,19.701560394466043
section_05_source_train_normal_0387_car_F2_spd_34V_mic_1_noise_6.wav,116.25114849923273
section_05_source_train_normal_0388_car_F2_spd_34V_mic_1_noise_6.wav,33.122007907888786
section_05_source_train_normal_0389_car_F2_spd_34V_mic_1_noise_6.wav,23.299517632883692
section_05_source_train_normal_0390_car_F2_spd_34V_mic_1_noise_6.wav,1.9417248073314113
section_05_source_train_normal_0391_car_F2_spd_34V_mic_1_noise_6.wav,13.982886762134285
section_05_source_train_normal_0392_car_F2_spd_34V_mic_1_noise_6.wav,39.266754558879995
section_05_source_train_normal_0393_car_F2_spd_34V_mic_1_noise_6.wav,27.175694084622506
section_05_source_train_normal_0394_car_F2_spd_34V_mic_1_noise_6.wav,11.134778416137976
section_05_source_train_normal_0395_car_F2_spd_34V_mic_1_noise_6.wav,17.213880139875016
section_05_source_train_normal_0396_car_F2_spd_34V_mic_1_noise_6.wav,2.492500102429119
section_05_source_train_normal_0397_car_F2_spd_34V_mic_1_noise_6.wav,32.71530933749648
section_05_source_train_normal_0398_car_F2_spd_34V_mic_1_noise_6.wav,9.375649295934409
section_05_source_train_normal_0399_car_F2_spd_34V_mic_1_noise_6.wav,9.028231356216736
section_05_source_train_normal_0400_car_F2_spd_34V_mic_1_noise_6.wav,16.36427972744508
section_05_source_train_normal_0401_car_F2_spd_34V_mic_1_noise_6.wav,23.36712529677976
section_05_source_train_normal_0402_car_F2_spd_34V_mic_1_noise_6.wav,24.08487879504642
section_05_source_train_normal_0403_car_F2_spd_34V_mic_1_noise_6.wav,4.493537456460842
section_05_source_train_normal_0404_car_F2_spd_34V_mic_1_noise_6.wav,14.639993239733286
section_05_source_train_normal_0405_car_F2_spd_34V_mic_1_noise_6.wav,8.591830419344092
section_05_source_train_normal_0406_car_F2_spd_34V_mic_1_noise_6.wav,10.417940476151045
section_05_source_train_normal_0407_car_F2_spd_34V_mic_1_noise_6.wav,3.588222775152559
section_05_source_train_normal_0408_car_F2_spd_34V_mic_1_noise_6.wav,4.813537794160737
section_05_source_train_normal_0409_car_F2_spd_34V_mic_1_noise_6.wav,15.249803505859518
section_05_source_train_normal_0410_car_F2_spd_34V_mic_1_noise_6.wav,11.878664556491003
section_05_source_train_normal_0411_car_F2_spd_34V_mic_1_noise_6.wav,14.690850671361119
section_05_source_train_normal_0412_car_F2_spd_34V_mic_1_noise_6.wav,2.223287035243658
section_05_source_train_normal_0413_car_F2_spd_34V_mic_1_noise_6.wav,15.129691461397897
section_05_source_train_normal_0414_car_F2_spd_34V_mic_1_noise_6.wav,-4.8986724264066765
section_05_source_train_normal_0415_car_F2_spd_34V_mic_1_noise_6.wav,17.172941025712305
section_05_source_train_normal_0416_car_F2_spd_34V_mic_1_noise_6.wav,9.478503568422866
section_05_source_train_normal_0417_car_F2_spd_34V_mic_1_noise_6.wav,21.72695083417841
section_05_source_train_normal_0418_car_F2_spd_34V_mic_1_noise_6.wav,7.312431767249109
section_05_source_train_normal_0419_car_F2_spd_34V_mic_1_noise_6.wav,12.967312359064437
section_05_source_train_normal_0420_car_F1_spd_37V_mic_1_noise_6.wav,63.02259806416723
section_05_source_train_normal_0421_car_F1_spd_37V_mic_1_noise_6.wav,70.39675740059297
section_05_source_train_normal_0422_car_F1_spd_37V_mic_1_noise_6.wav,21.583477807038378
section_05_source_train_normal_0423_car_F1_spd_37V_mic_1_noise_6.wav,29.32994472616815
section_05_source_train_normal_0424_car_F1_spd_37V_mic_1_noise_6.wav,17.690652148556268
section_05_source_train_normal_0425_car_F1_spd_37V_mic_1_noise_6.wav,35.03598542643084
section_05_source_train_normal_0426_car_F1_spd_37V_mic_1_noise_6.wav,21.253917313063624
section_05_source_train_normal_0427_car_F1_spd_37V_mic_1_noise_6.wav,7.220369073647248
section_05_source_train_normal_0428_car_F1_spd_37V_mic_1_noise_6.wav,1.9930311022462206
section_05_source_train_normal_0429_car_F1_spd_37V_mic_1_noise_6.wav,15.214631083240022
section_05_source_train_normal_0430_car_F1_spd_37V_mic_1_noise_6.wav,9.564145085738346
section_05_source_train_normal_0431_car_F1_spd_37V_mic_1_noise_6.wav,3.460114637525379
section_05_source_train_normal_0432_car_F1_spd_37V_mic_1_noise_6.wav,4.89214078306307
section_05_source_train_normal_0433_car_F1_spd_37V_mic_1_noise_6.wav,10.00052105982715
section_05_source_train_normal_0434_car_F1_spd_37V_mic_1_noise_6.wav,11.353566108252068
section_05_source_train_normal_0435_car_F1_spd_37V_mic_1_noise_6.wav,11.61128835816939
section_05_source_train_normal_0436_car_F1_spd_37V_mic_1_noise_6.wav,-0.007066645254582227
section_05_source_train_normal_0437_car_F1_spd_37V_mic_1_noise_6.wav,10.335813261638691
section_05_source_train_normal_0438_car_F1_spd_37V_mic_1_noise_6.wav,-2.2924004239500277
section_05_source_train_normal_0439_car_F1_spd_37V_mic_1_noise_6.wav,8.420371799992665
section_05_source_train_normal_0440_car_F1_spd_37V_mic_1_noise_6.wav,5.86773998962633
section_05_source_train_normal_0441_car_F1_spd_37V_mic_1_noise_6.wav,7.711395512171208
section_05_source_train_normal_0442_car_F1_spd_37V_mic_1_noise_6.wav,-6.304505802121497
section_05_source_train_normal_0443_car_F1_spd_37V_mic_1_noise_6.wav,5.944342016794934
section_05_source_train_normal_0444_car_F1_spd_37V_mic_1_noise_6.wav,14.145254138811367
section_05_source_train_normal_0445_car_F1_spd_37V_mic_1_noise_6.wav,-2.2189702853815447
section_05_source_train_normal_0446_car_F1_spd_37V_mic_1_noise_6.wav,57.28598277740434
section_05_source_train_normal_0447_car_F1_spd_37V_mic_1_noise_6.wav,17.945978339712497
section_05_source_train_normal_0448_car_F1_spd_37V_mic_1_noise_6.wav,22.402438605357304
section_05_source_train_normal_0449_car_F1_spd_37V_mic_1_noise_6.wav,-4.327585879413391
section_05_source_train_normal_0450_car_F1_spd_37V_mic_1_noise_6.wav,4.880161507463583
section_05_source_train_normal_0451_car_F1_spd_37V_mic_1_noise_6.wav,9.596078148649354
section_05_source_train_normal_0452_car_F1_spd_37V_mic_1_noise_6.wav,11.145189461232121
section_05_source_train_normal_0453_car_F1_spd_37V_mic_1_noise_6.wav,-1.013743663749466
section_05_source_train_normal_0454_car_F1_spd_37V_mic_1_noise_6.wav,4.25150140183672
section_05_source_train_normal_0455_car_F1_spd_37V_mic_1_noise_6.wav,1.0771538706605384
section_05_source_train_normal_0456_car_F1_spd_37V_mic_1_noise_6.wav,28.75564642576981
section_05_source_train_normal_0457_car_F1_spd_37V_mic_1_noise_6.wav,41.264361769928485
section_05_source_train_normal_0458_car_F1_spd_37V_mic_1_noise_6.wav,48.96078571573673
section_05_source_train_normal_0459_car_F1_spd_37V_mic_1_noise_6.wav,-2.362877889450999
section_05_source_train_normal_0460_car_F1_spd_37V_mic_1_noise_6.wav,-3.6924545344489275
section_05_source_train_normal_0461_car_F1_spd_37V_mic_1_noise_6.wav,9.068405763792668
section_05_source_train_normal_0462_car_F1_spd_37V_mic_1_noise_6.wav,10.18169368910759
section_05_source_train_normal_0463_car_F1_spd_37V_mic_1_noise_6.wav,9.207040050344403
section_05_source_train_normal_0464_car_F1_spd_37V_mic_1_noise_6.wav,-0.041259562196842126
section_05_source_train_normal_0465_car_F1_spd_37V_mic_1_noise_6.wav,4.515333543522559
section_05_source_train_normal_0466_car_F1_spd_37V_mic_1_noise_6.wav,9.867188736413965
section_05_source_train_normal_0467_car_F1_spd_37V_mic_1_noise_6.wav,13.841575952437978
section_05_source_train_normal_0468_car_F1_spd_37V_mic_1_noise_6.wav,4.681693482334339
section_05_source_train_normal_0469_car_F2_spd_37V_mic_1_noise_6.wav,25.317379019141868
section_05_source_train_normal_0470_car_F2_spd_37V_mic_1_noise_6.wav,12.720607666794763
section_05_source_train_normal_0471_car_F2_spd_37V_mic_1_noise_6.wav,23.22823546866971
section_05_source_train_normal_0472_car_F2_spd_37V_mic_1_noise_6.wav,-5.387969514575218
section_05_source_train_normal_0473_car_F2_spd_37V_mic_1_noise_6.wav,20.509070869470804
section_05_source_train_normal_0474_car_F2_spd_37V_mic_1_noise_6.wav,4.276671231150914
section_05_source_train_normal_0475_car_F2_spd_37V_mic_1_noise_6.wav,24.273312181938962
section_05_source_train_normal_0476_car_F2_spd_37V_mic_1_noise_6.wav,14.422072578978174
section_05_source_train_normal_0477_car_F2_spd_37V_mic_1_noise_6.wav,21.345295294567904
section_05_source_train_normal_0478_car_F2_spd_37V_mic_1_noise_6.wav,10.21168128487244
section_05_source_train_normal_0479_car_F2_spd_37V_mic_1_noise_6.wav,-0.31419047880149265
section_05_source_train_normal_0480_car_F2_spd_37V_mic_1_noise_6.wav,77.54340810094976
section_05_source_train_normal_0481_car_F2_spd_37V_mic_1_noise_6.wav,0.18156061251249866
section_05_source_train_normal_0482_car_F2_spd_37V_mic_1_noise_6.wav,3.3882388614385377
section_05_source_train_normal_0483_car_F2_spd_37V_mic_1_noise_6.wav,13.594452219561788
section_05_source_train_normal_0484_car_F2_spd_37V_mic_1_noise_6.wav,18.28267146939433
section_05_source_train_normal_0485_car_F2_spd_37V_mic_1_noise_6.wav,-1.172820418165628
section_05_source_train_normal_0486_car_F2_spd_37V_mic_1_noise_6.wav,5.612627601888903
section_05_source_train_normal_0487_car_F2_spd_37V_mic_1_noise_6.wav,8.374421362790372
section_05_source_train_normal_0488_car_F2_spd_37V_mic_1_noise_6.wav,-0.03570986124455544
section_05_source_train_normal_0489_car_F2_spd_37V_mic_1_noise_6.wav,6.173477858184924
section_05_source_train_normal_0490_car_F2_spd_37V_mic_1_noise_6.wav,19.589600674600803
section_05_source_train_normal_0491_car_F2_spd_37V_mic_1_noise_6.wav,6.050173626126735
section_05_source_train_normal_0492_car_F2_spd_37V_mic_1_noise_6.wav,34.911205877862756
section_05_source_train_normal_0493_car_F2_spd_37V_mic_1_noise_6.wav,15.130539795819345
section_05_source_train_normal_0494_car_F2_spd_37V_mic_1_noise_6.wav,-7.923414414657515
section_05_source_train_normal_0495_car_F2_spd_37V_mic_1_noise_6.wav,29.01292827735159
section_05_source_train_normal_0496_car_F2_spd_37V_mic_1_noise_6.wav,5.803165417723477
section_05_source_train_normal_0497_car_F2_spd_37V_mic_1_noise_6.wav,83.4333118335116
section_05_source_train_normal_0498_car_F2_spd_37V_mic_1_noise_6.wav,28.54447584864718
section_05_source_train_normal_0499_car_F2_spd_37V_mic_1_noise_6.wav,4.114786494305179
section_05_source_train_normal_0500_car_F2_spd_37V_mic_1_noise_6.wav,-1.150339829216847
section_05_source_train_normal_0501_car_F2_spd_37V_mic_1_noise_6.wav,22.891994014311194
section_05_source_train_normal_0502_car_F2_spd_37V_mic_1_noise_6.wav,5.13710937094217
section_05_source_train_normal_0503_car_F2_spd_37V_mic_1_noise_6.wav,7.895373930621133
section_05_source_train_normal_0504_car_F2_spd_37V_mic_1_noise_6.wav,-0.8365599448237617
section_05_source_train_normal_0505_car_F2_spd_37V_mic_1_noise_6.wav,9.488642561641882
section_05_source_train_normal_0506_car_F2_spd_37V_mic_1_noise_6.wav,1.5873587220851846
section_05_source_train_normal_0507_car_F2_spd_37V_mic_1_noise_6.wav,16.74282362537349
section_05_source_train_normal_0508_car_F2_spd_37V_mic_1_noise_6.wav,6.8322558163426095
section_05_source_train_normal_0509_car_F2_spd_37V_mic_1_noise_6.wav,29.44398329409745
section_05_source_train_normal_0510_car_F2_spd_37V_mic_1_noise_6.wav,17.477925412251977
section_05_source_train_normal_0511_car_F2_spd_37V_mic_1_noise_6.wav,2.873221440405132
section_05_source_train_normal_0512_car_F2_spd_37V_mic_1_noise_6.wav,18.924560927126834
section_05_source_train_normal_0513_car_F2_spd_37V_mic_1_noise_6.wav,3.0306615157828105
section_05_source_train_normal_0514_car_F2_spd_37V_mic_1_noise_6.wav,12.073243687727853
section_05_source_train_normal_0515_car_F2_spd_37V_mic_1_noise_6.wav,5.384990597182451
section_05_source_train_normal_0516_car_F2_spd_37V_mic_1_noise_6.wav,12.012833493866054
section_05_source_train_normal_0517_car_F2_spd_37V_mic_1_noise_6.wav,-0.058671792843881576
section_05_source_train_normal_0518_car_F1_spd_37V_mic_1_noise_6.wav,20.298264223176545
section_05_source_train_normal_0519_car_F1_spd_37V_mic_1_noise_6.wav,18.48631295115962
section_05_source_train_normal_0520_car_F1_spd_37V_mic_1_noise_6.wav,8.400893206843193
section_05_source_train_normal_0521_car_F1_spd_37V_mic_1_noise_6.wav,18.937317586540956
section_05_source_train_normal_0522_car_F1_spd_37V_mic_1_noise_6.wav,16.61165005118366
section_05_source_train_normal_0523_car_F1_spd_37V_mic_1_noise_6.wav,9.70262552864142
section_05_source_train_normal_0524_car_F1_spd_37V_mic_1_noise_6.wav,3.1747643228426057
section_05_source_train_normal_0525_car_F1_spd_37V_mic_1_noise_6.wav,3.5449531973663397
section_05_source_train_normal_0526_car_F1_spd_37V_mic_1_noise_6.wav,5.9966540326840345
section_05_source_train_normal_0527_car_F1_spd_37V_mic_1_noise_6.wav,-6.214835613990488
section_05_source_train_normal_0528_car_F1_spd_37V_mic_1_noise_6.wav,0.911906724293118
section_05_source_train_normal_0529_car_F1_spd_37V_mic_1_noise_6.wav,6.464800636927237
section_05_source_train_normal_0530_car_F1_spd_37V_mic_1_noise_6.wav,-6.244540552975991
section_05_source_train_normal_0531_car_F1_spd_37V_mic_1_noise_6.wav,-1.2188672999779726
section_05_source_train_normal_0532_car_F1_spd_37V_mic_1_noise_6.wav,11.255055381747525
section_05_source_train_normal_0533_car_F1_spd_37V_mic_1_noise_6.wav,36.95107558134845
section_05_source_train_normal_0534_car_F1_spd_37V_mic_1_noise_6.wav,0.6195145972969556
section_05_source_train_normal_0535_car_F1_spd_37V_mic_1_noise_6.wav,-1.4954692060355512
section_05_source_train_normal_0536_car_F1_spd_37V_mic_1_noise_6.wav,6.8634523761097626
section_05_source_train_normal_0537_car_F1_spd_37V_mic_1_noise_6.wav,1.1196365751373776
section_05_source_train_normal_0538_car_F1_spd_37V_mic_1_noise_6.wav,0.458841166148801
section_05_source_train_normal_0539_car_F1_spd_37V_mic_1_noise_6.wav,5.216835803493353
section_05_source_train_normal_0540_car_F1_spd_37V_mic_1_noise_6.wav,2.2018015170675937
section_05_source_train_normal_0541_car_F1_spd_37V_mic_1_noise_6.wav,-5.845180862854619
section_05_source_train_normal_0542_car_F1_spd_37V_mic_1_noise_6.wav,-2.571089290067789
section_05_source_train_normal_0543_car_F1_spd_37V_mic_1_noise_6.wav,-0.9868112287059319
section_05_source_train_normal_0544_car_F1_spd_37V_mic_1_noise_6.wav,-6.94723883226888
section_05_source_train_normal_0545_car_F1_spd_37V_mic_1_noise_6.wav,3.8271825615576347
section_05_source_train_normal_0546_car_F1_spd_37V_mic_1_noise_6.wav,-2.5591759949144546
section_05_source_train_normal_0547_car_F1_spd_37V_mic_1_noise_6.wav,10.514411870119318
section_05_source_train_normal_0548_car_F1_spd_37V_mic_1_noise_6.wav,6.210659689610168
section_05_source_train_normal_0549_car_F1_spd_37V_mic_1_noise_6.wav,3.5522529729027497
section_05_source_train_normal_0550_car_F1_spd_37V_mic_1_noise_6.wav,-3.794099881031002
section_05_source_train_normal_0551_car_F1_spd_37V_mic_1_noise_6.wav,-4.666536311814951
section_05_source_train_normal_0552_car_F1_spd_37V_mic_1_noise_6.wav,1.2731084613214136
section_05_source_train_normal_0553_car_F1_spd_37V_mic_1_noise_6.wav,13.076135503988894
section_05_source_train_normal_0554_car_F1_spd_37V_mic_1_noise_6.wav,-10.487987001665601
section_05_source_train_normal_0555_car_F1_spd_37V_mic_1_noise_6.wav,-1.2643628677408856
section_05_source_train_normal_0556_car_F1_spd_37V_mic_1_noise_6.wav,-3.9414334183301776
section_05_source_train_normal_0557_car_F1_spd_37V_mic_1_noise_6.wav,6.110242903317726
section_05_source_train_normal_0558_car_F1_spd_37V_mic_1_noise_6.wav,4.667642183632381
section_05_source_train_normal_0559_car_F1_spd_37V_mic_1_noise_6.wav,0.39367348582217687
section_05_source_train_normal_0560_car_F1_spd_37V_mic_1_noise_6.wav,-7.393316247571647
section_05_source_train_normal_0561_car_F1_spd_37V_mic_1_noise_6.wav,3.169275919568065
section_05_source_train_normal_0562_car_F1_spd_37V_mic_1_noise_6.wav,9.396651391111021
section_05_source_train_normal_0563_car_F1_spd_37V_mic_1_noise_6.wav,4.693683346354334
section_05_source_train_normal_0564_car_F1_spd_37V_mic_1_noise_6.wav,-1.17584091432866
section_05_source_train_normal_0565_car_F1_spd_37V_mic_1_noise_6.wav,16.944260385856808
section_05_source_train_normal_0566_car_F1_spd_37V_mic_1_noise_6.wav,5.328495089277055
section_05_source_train_normal_0567_car_F2_spd_37V_mic_1_noise_6.wav,24.471852110468205
section_05_source_train_normal_0568_car_F2_spd_37V_mic_1_noise_6.wav,33.3087142416349
section_05_source_train_normal_0569_car_F2_spd_37V_mic_1_noise_6.wav,38.7455801181612
section_05_source_train_normal_0570_car_F2_spd_37V_mic_1_noise_6.wav,12.052461146288977
section_05_source_train_normal_0571_car_F2_spd_37V_mic_1_noise_6.wav,7.427631532942911
section_05_source_train_normal_0572_car_F2_spd_37V_mic_1_noise_6.wav,3.2520231417419723
section_05_source_train_normal_0573_car_F2_spd_37V_mic_1_noise_6.wav,13.152216541213733
section_05_source_train_normal_0574_car_F2_spd_37V_mic_1_noise_6.wav,16.025295175055135
section_05_source_train_normal_0575_car_F2_spd_37V_mic_1_noise_6.wav,14.269039083518237
section_05_source_train_normal_0576_car_F2_spd_37V_mic_1_noise_6.wav,25.219912457953313
section_05_source_train_normal_0577_car_F2_spd_37V_mic_1_noise_6.wav,25.252322177246043
section_05_source_train_normal_0578_car_F2_spd_37V_mic_1_noise_6.wav,3.6247453519732744
section_05_source_train_normal_0579_car_F2_spd_37V_mic_1_noise_6.wav,12.949468631331683
section_05_source_train_normal_0580_car_F2_spd_37V_mic_1_noise_6.wav,10.66477327118389
section_05_source_train_normal_0581_car_F2_spd_37V_mic_1_noise_6.wav,10.965015126788757
section_05_source_train_normal_0582_car_F2_spd_37V_mic_1_noise_6.wav,6.169140346664619
section_05_source_train_normal_0583_car_F2_spd_37V_mic_1_noise_6.wav,17.038440779184953
section_05_source_train_normal_0584_car_F2_spd_37V_mic_1_noise_6.wav,5.768707264603279
section_05_source_train_normal_0585_car_F2_spd_37V_mic_1_noise_6.wav,-1.9113885243362745
section_05_source_train_normal_0586_car_F2_spd_37V_mic_1_noise_6.wav,11.186405246747256
section_05_source_train_normal_0587_car_F2_spd_37V_mic_1_noise_6.wav,1.4419356711567275
section_05_source_train_normal_0588_car_F2_spd_37V_mic_1_noise_6.wav,12.392477671511642
section_05_source_train_normal_0589_car_F2_spd_37V_mic_1_noise_6.wav,13.202624422363556
section_05_source_train_normal_0590_car_F2_spd_37V_mic_1_noise_6.wav,13.784848438681337
section_05_source_train_normal_0591_car_F2_spd_37V_mic_1_noise_6.wav,1.532624390102825
section_05_source_train_normal_0592_car_F2_spd_37V_mic_1_noise_6.wav,12.655066740553991
section_05_source_train_normal_0593_car_F2_spd_37V_mic_1_noise_6.wav,-4.44354352882732
section_05_source_train_normal_0594_car_F2_spd_37V_mic_1_noise_6.wav,39.758459163009064
section_05_source_train_normal_0595_car_F2_spd_37V_mic_1_noise_6.wav,-1.5743322879447987
section_05_source_train_normal_0596_car_F2_spd_37V_mic_1_noise_6.wav,-4.102819528431382
section_05_source_train_normal_0597_car_F2_spd_37V_mic_1_noise_6.wav,6.7799388628981205
section_05_source_train_normal_0598_car_F2_spd_37V_mic_1_noise_6.wav,2.1782948849042327
section_05_source_train_normal_0599_car_F2_spd_37V_mic_1_noise_6.wav,-1.8186185419123149
section_05_source_train_normal_0600_car_F2_spd_37V_mic_1_noise_6.wav,-6.149088590865574
section_05_source_train_normal_0601_car_F2_spd_37V_mic_1_noise_6.wav,21.314298137973537
section_05_source_train_normal_0602_car_F2_spd_37V_mic_1_noise_6.wav,39.39723603556544
section_05_source_train_normal_0603_car_F2_spd_37V_mic_1_noise_6.wav,17.947835714854875
section_05_source_train_normal_0604_car_F2_spd_37V_mic_1_noise_6.wav,13.025422559292934
section_05_source_train_normal_0605_car_F2_spd_37V_mic_1_noise_6.wav,4.952202657614009
section_05_source_train_normal_0606_car_F2_spd_37V_mic_1_noise_6.wav,11.342037776212521
section_05_source_train_normal_0607_car_F2_spd_37V_mic_1_noise_6.wav,0.42325946503439127
section_05_source_train_normal_0608_car_F2_spd_37V_mic_1_noise_6.wav,7.420615085597376
section_05_source_train_normal_0609_car_F2_spd_37V_mic_1_noise_6.wav,22.405039492436146
section_05_source_train_normal_0610_car_F2_spd_37V_mic_1_noise_6.wav,-6.16552969894434
section_05_source_train_normal_0611_car_F2_spd_37V_mic_1_noise_6.wav,135.72984274808834
section_05_source_train_normal_0612_car_F2_spd_37V_mic_1_noise_6.wav,14.629420038072396
section_05_source_train_normal_0613_car_F2_spd_37V_mic_1_noise_6.wav,15.563440172251774
section_05_source_train_normal_0614_car_F2_spd_37V_mic_1_noise_6.wav,7.583594816260415
section_05_source_train_normal_0615_car_F2_spd_37V_mic_1_noise_6.wav,19.000405263585805
section_05_source_train_normal_0616_car_F1_spd_37V_mic_1_noise_6.wav,58.13562715312452
section_05_source_train_normal_0617_car_F1_spd_37V_mic_1_noise_6.wav,50.491178490311825
section_05_source_train_normal_0618_car_F1_spd_37V_mic_1_noise_6.wav,29.843888406369956
section_05_source_train_normal_0619_car_F1_spd_37V_mic_1_noise_6.wav,11.707202455281589
section_05_source_train_normal_0620_car_F1_spd_37V_mic_1_noise_6.wav,5.911577742199597
section_05_source_train_normal_0621_car_F1_spd_37V_mic_1_noise_6.wav,17.004573376276937
section_05_source_train_normal_0622_car_F1_spd_37V_mic_1_noise_6.wav,19.280850296740596
section_05_source_train_normal_0623_car_F1_spd_37V_mic_1_noise_6.wav,24.77511835223038
section_05_source_train_normal_0624_car_F1_spd_37V_mic_1_noise_6.wav,52.189112483174995
section_05_source_train_normal_0625_car_F1_spd_37V_mic_1_noise_6.wav,47.15318209301739
section_05_source_train_normal_0626_car_F1_spd_37V_mic_1_noise_6.wav,41.45160953078158
section_05_source_train_normal_0627_car_F1_spd_37V_mic_1_noise_6.wav,34.851355594866135
section_05_source_train_normal_0628_car_F1_spd_37V_mic_1_noise_6.wav,48.33497941528387
section_05_source_train_normal_0629_car_F1_spd_37V_mic_1_noise_6.wav,7.649168772142758
section_05_source_train_normal_0630_car_F1_spd_37V_mic_1_noise_6.wav,10.658758353416545
section_05_source_train_normal_0631_car_F1_spd_37V_mic_1_noise_6.wav,14.615265274237402
section_05_source_train_normal_0632_car_F1_spd_37V_mic_1_noise_6.wav,10.790681278119393
section_05_source_train_normal_0633_car_F1_spd_37V_mic_1_noise_6.wav,22.412260488676054
section_05_source_train_normal_0634_car_F1_spd_37V_mic_1_noise_6.wav,13.207660513502077
section_05_source_train_normal_0635_car_F1_spd_37V_mic_1_noise_6.wav,13.09202860795034
section_05_source_train_normal_0636_car_F1_spd_37V_mic_1_noise_6.wav,7.425577119472791
section_05_source_train_normal_0637_car_F1_spd_37V_mic_1_noise_6.wav,0.4016656344988405
section_05_source_train_normal_0638_car_F1_spd_37V_mic_1_noise_6.wav,3.4089414587894566
section_05_source_train_normal_0639_car_F1_spd_37V_mic_1_noise_6.wav,-0.33088753802556425
section_05_source_train_normal_0640_car_F1_spd_37V_mic_1_noise_6.wav,1.7102854786895705
section_05_source_train_normal_0641_car_F1_spd_37V_mic_1_noise_6.wav,11.295249969885361
section_05_source_train_normal_0642_car_F1_spd_37V_mic_1_noise_6.wav,4.9506360744157405
section_05_source_train_normal_0643_car_F1_spd_37V_mic_1_noise_6.wav,10.254790511571684
section_05_source_train_normal_0644_car_F1_spd_37V_mic_1_noise_6.wav,6.261925886423171
section_05_source_train_normal_0645_car_F1_spd_37V_mic_1_noise_6.wav,-6.3513587030570875
section_05_source_train_normal_0646_car_F1_spd_37V_mic_1_noise_6.wav,-4.7774750329654125
section_05_source_train_normal_0647_car_F1_spd_37V_mic_1_noise_6.wav,-13.126447607400479
section_05_source_train_normal_0648_car_F1_spd_37V_mic_1_noise_6.wav,14.229190816599953
section_05_source_train_normal_0649_car_F1_spd_37V_mic_1_noise_6.wav,24.103037343227044
section_05_source_train_normal_0650_car_F1_spd_37V_mic_1_noise_6.wav,2.3069760864866566
section_05_source_train_normal_0651_car_F1_spd_37V_mic_1_noise_6.wav,-6.403184675827902
section_05_source_train_normal_0652_car_F1_spd_37V_mic_1_noise_6.wav,-6.9078161000455225
section_05_source_train_normal_0653_car_F1_spd_37V_mic_1_noise_6.wav,-1.75607383769335
section_05_source_train_normal_0654_car_F1_spd_37V_mic_1_noise_6.wav,8.548129887681114
section_05_source_train_normal_0655_car_F1_spd_37V_mic_1_noise_6.wav,26.465412584300736
section_05_source_train_normal_0656_car_F1_spd_37V_mic_1_noise_6.wav,-6.213758042247036
section_05_source_train_normal_0657_car_F1_spd_37V_mic_1_noise_6.wav,4.354207488470536
section_05_source_train_normal_0658_car_F1_spd_37V_mic_1_noise_6.wav,0.02599061270117886
section_05_source_train_normal_0659_car_F1_spd_37V_mic_1_noise_6.wav,5.029827548848289
section_05_source_train_normal_0660_car_F1_spd_37V_mic_1_noise_6.wav,-0.17432789193452436
section_05_source_train_normal_0661_car_F1_spd_37V_mic_1_noise_6.wav,-7.310758430969628
section_05_source_train_normal_0662_car_F1_spd_37V_mic_1_noise_6.wav,0.5467209348020674
section_05_source_train_normal_0663_car_F1_spd_37V_mic_1_noise_6.wav,-3.3789262224527192
section_05_source_train_normal_0664_car_F1_spd_37V_mic_1_noise_6.wav,2.4741944233617517
section_05_source_train_normal_0665_car_F1_spd_37V_mic_1_noise_6.wav,9.447699681413837
section_05_source_train_normal_0666_car_F1_spd_37V_mic_1_noise_6.wav,2.4717041773873234
section_05_source_train_normal_0667_car_F1_spd_37V_mic_1_noise_6.wav,-3.8763056335235717
section_05_source_train_normal_0668_car_F1_spd_37V_mic_1_noise_6.wav,30.683927040468575
section_05_source_train_normal_0669_car_F1_spd_37V_mic_1_noise_6.wav,13.242208526924998
section_05_source_train_normal_0670_car_F1_spd_37V_mic_1_noise_6.wav,-5.189742550099481
section_05_source_train_normal_0671_car_F1_spd_37V_mic_1_noise_6.wav,-11.275092869809896
section_05_source_train_normal_0672_car_F1_spd_37V_mic_1_noise_6.wav,19.628791243187436
section_05_source_train_normal_0673_car_F1_spd_37V_mic_1_noise_6.wav,10.976566571078422
section_05_source_train_normal_0674_car_F2_spd_37V_mic_1_noise_6.wav,49.91958286168051
section_05_source_train_normal_0675_car_F2_spd_37V_mic_1_noise_6.wav,97.7642242189836
section_05_source_train_normal_0676_car_F2_spd_37V_mic_1_noise_6.wav,67.71758780288954
section_05_source_train_normal_0677_car_F2_spd_37V_mic_1_noise_6.wav,16.81449641959233
section_05_source_train_normal_0678_car_F2_spd_37V_mic_1_noise_6.wav,117.77662376460597
section_05_source_train_normal_0679_car_F2_spd_37V_mic_1_noise_6.wav,27.35074883207176
section_05_source_train_normal_0680_car_F2_spd_37V_mic_1_noise_6.wav,24.872980520814338
section_05_source_train_normal_0681_car_F2_spd_37V_mic_1_noise_6.wav,42.075055913615984
section_05_source_train_normal_0682_car_F2_spd_37V_mic_1_noise_6.wav,13.152091202243412
section_05_source_train_normal_0683_car_F2_spd_37V_mic_1_noise_6.wav,12.685393054422832
section_05_source_train_normal_0684_car_F2_spd_37V_mic_1_noise_6.wav,3.147312208322006
section_05_source_train_normal_0685_car_F2_spd_37V_mic_1_noise_6.wav,-2.117007897378528
section_05_source_train_normal_0686_car_F2_spd_37V_mic_1_noise_6.wav,44.9865084018077
section_05_source_train_normal_0687_car_F2_spd_37V_mic_1_noise_6.wav,16.604426425361538
section_05_source_train_normal_0688_car_F2_spd_37V_mic_1_noise_6.wav,-1.642945853059416
section_05_source_train_normal_0689_car_F2_spd_37V_mic_1_noise_6.wav,10.800481488982257
section_05_source_train_normal_0690_car_F2_spd_37V_mic_1_noise_6.wav,12.132595629543118
section_05_source_train_normal_0691_car_F2_spd_37V_mic_1_noise_6.wav,7.014589395989674
section_05_source_train_normal_0692_car_F2_spd_37V_mic_1_noise_6.wav,12.945830746296963
section_05_source_train_normal_0693_car_F2_spd_37V_mic_1_noise_6.wav,6.731947367547718
section_05_source_train_normal_0694_car_F2_spd_37V_mic_1_noise_6.wav,27.53185906619251
section_05_source_train_normal_0695_car_F2_spd_37V_mic_1_noise_6.wav,12.206601075137144
section_05_source_train_normal_0696_car_F2_spd_37V_mic_1_noise_6.wav,17.599499759874135
section_05_source_train_normal_0697_car_F2_spd_37V_mic_1_noise_6.wav,30.404288703763257
section_05_source_train_normal_0698_car_F2_spd_37V_mic_1_noise_6.wav,20.234971786847865
section_05_source_train_normal_0699_car_F2_spd_37V_mic_1_noise_6.wav,11.35798622830552
section_05_source_train_normal_0700_car_F2_spd_37V_mic_1_noise_6.wav,5.167054736026955
section_05_source_train_normal_0701_car_F2_spd_37V_mic_1_noise_6.wav,6.2087667480765845
section_05_source_train_normal_0702_car_F2_spd_37V_mic_1_noise_6.wav,2.5241938807940016
section_05_source_train_normal_0703_car_F2_spd_37V_mic_1_noise_6.wav,7.822338367452289
section_05_source_train_normal_0704_car_F2_spd_37V_mic_1_noise_6.wav,15.177675180106576
section_05_source_train_normal_0705_car_F2_spd_37V_mic_1_noise_6.wav,18.198905795841227
section_05_source_train_normal_0706_car_F2_spd_37V_mic_1_noise_6.wav,16.259023074584775
section_05_source_train_normal_0707_car_F2_spd_37V_mic_1_noise_6.wav,8.313582650230757
section_05_source_train_normal_0708_car_F2_spd_37V_mic_1_noise_6.wav,9.52626770235787
section_05_source_train_normal_0709_car_F2_spd_37V_mic_1_noise_6.wav,26.25775420408118
section_05_source_train_normal_0710_car_F2_spd_37V_mic_1_noise_6.wav,21.52075860872
section_05_source_train_normal_0711_car_F2_spd_37V_mic_1_noise_6.wav,14.824151365909927
section_05_source_train_normal_0712_car_F2_spd_37V_mic_1_noise_6.wav,-3.091284536113392
section_05_source_train_normal_0713_car_F2_spd_37V_mic_1_noise_6.wav,1.24041582964594
section_05_source_train_normal_0714_car_F2_spd_37V_mic_1_noise_6.wav,1.8707287377282
section_05_source_train_normal_0715_car_F2_spd_37V_mic_1_noise_6.wav,20.27382060765143
section_05_source_train_normal_0716_car_F2_spd_37V_mic_1_noise_6.wav,28.981108182714962
section_05_source_train_normal_0717_car_F2_spd_37V_mic_1_noise_6.wav,14.261538843854737
section_05_source_train_normal_0718_car_F2_spd_37V_mic_1_noise_6.wav,18.501748748781296
section_05_source_train_normal_0719_car_F2_spd_37V_mic_1_noise_6.wav,19.067125562367153
section_05_source_train_normal_0720_car_F2_spd_37V_mic_1_noise_6.wav,14.809759197049374
section_05_source_train_normal_0721_car_F2_spd_37V_mic_1_noise_6.wav,20.339366234628727
section_05_source_train_normal_0722_car_F2_spd_37V_mic_1_noise_6.wav,6.250277102364294
section_05_source_train_normal_0723_car_F2_spd_37V_mic_1_noise_6.wav,34.68094859020525
section_05_source_train_normal_0724_car_F2_spd_37V_mic_1_noise_6.wav,24.072320004501876
section_05_source_train_normal_0725_car_F2_spd_37V_mic_1_noise_6.wav,16.41217506624517
section_05_source_train_normal_0726_car_F2_spd_37V_mic_1_noise_6.wav,5.368317446583603
section_05_source_train_normal_0727_car_F2_spd_37V_mic_1_noise_6.wav,58.7828506339481
section_05_source_train_normal_0728_car_F2_spd_37V_mic_1_noise_6.wav,10.77047005978747
section_05_source_train_normal_0729_car_F2_spd_37V_mic_1_noise_6.wav,13.839424220385979
section_05_source_train_normal_0730_car_F2_spd_37V_mic_1_noise_6.wav,13.638280626466099
section_05_source_train_normal_0731_car_F2_spd_37V_mic_1_noise_6.wav,9.474398617480716
section_05_source_train_normal_0732_car_F2_spd_37V_mic_1_noise_6.wav,10.127719133208899
section_05_source_train_normal_0733_car_F2_spd_37V_mic_1_noise_6.wav,22.175654548699413
section_05_source_train_normal_0734_car_F2_spd_37V_mic_1_noise_6.wav,10.899586013706937
section_05_source_train_normal_0735_car_F2_spd_37V_mic_1_noise_6.wav,44.04364335864281
section_05_source_train_normal_0736_car_F2_spd_37V_mic_1_noise_6.wav,4.496596423069093
section_05_source_train_normal_0737_car_F2_spd_37V_mic_1_noise_6.wav,17.476415943621816
section_05_source_train_normal_0738_car_F2_spd_37V_mic_1_noise_6.wav,3.216227238202066
section_05_source_train_normal_0739_car_F2_spd_37V_mic_1_noise_6.wav,27.05408287889344
section_05_source_train_normal_0740_car_F2_spd_37V_mic_1_noise_6.wav,-8.592081103159018
section_05_source_train_normal_0741_car_F2_spd_37V_mic_1_noise_6.wav,2.4925366504897966
section_05_source_train_normal_0742_car_F2_spd_37V_mic_1_noise_6.wav,-0.5576440877736673
section_05_source_train_normal_0743_car_F2_spd_37V_mic_1_noise_6.wav,-5.293361678645454
section_05_source_train_normal_0744_car_F2_spd_37V_mic_1_noise_6.wav,15.241271590969575
section_05_source_train_normal_0745_car_F2_spd_37V_mic_1_noise_6.wav,13.671463217097
section_05_source_train_normal_0746_car_F2_spd_37V_mic_1_noise_6.wav,2.1794691495302914
section_05_source_train_normal_0747_car_F2_spd_37V_mic_1_noise_6.wav,1.14125115908098
section_05_source_train_normal_0748_car_F2_spd_37V_mic_1_noise_6.wav,-1.6719549714155733
section_05_source_train_normal_0749_car_F2_spd_37V_mic_1_noise_6.wav,-6.327089255124008
section_05_source_train_normal_0750_car_F2_spd_37V_mic_1_noise_6.wav,23.92770786120795
section_05_source_train_normal_0751_car_F2_spd_37V_mic_1_noise_6.wav,8.037540819009223
section_05_source_train_normal_0752_car_F2_spd_37V_mic_1_noise_6.wav,14.592145663074518
section_05_source_train_normal_0753_car_F2_spd_37V_mic_1_noise_6.wav,2.158940378920448
section_05_source_train_normal_0754_car_F2_spd_37V_mic_1_noise_6.wav,-2.6343724387611474
section_05_source_train_normal_0755_car_F2_spd_37V_mic_1_noise_6.wav,0.7784046319735296
section_05_source_train_normal_0756_car_F2_spd_37V_mic_1_noise_6.wav,-4.164960006647107
section_05_source_train_normal_0757_car_F2_spd_37V_mic_1_noise_6.wav,7.364652824187772
section_05_source_train_normal_0758_car_F2_spd_37V_mic_1_noise_6.wav,3.4051456739258583
section_05_source_train_normal_0759_car_F2_spd_37V_mic_1_noise_6.wav,1.3246101914845383
section_05_source_train_normal_0760_car_F2_spd_37V_mic_1_noise_6.wav,-5.225241915826928
section_05_source_train_normal_0761_car_F2_spd_37V_mic_1_noise_6.wav,54.71636288186053
section_05_source_train_normal_0762_car_F2_spd_37V_mic_1_noise_6.wav,38.921886956942416
section_05_source_train_normal_0763_car_F2_spd_37V_mic_1_noise_6.wav,8.451377469589431
section_05_source_train_normal_0764_car_F2_spd_37V_mic_1_noise_6.wav,119.84541332482672
section_05_source_train_normal_0765_car_F2_spd_37V_mic_1_noise_6.wav,11.887265871993122
section_05_source_train_normal_0766_car_F2_spd_37V_mic_1_noise_6.wav,21.78689667618559
section_05_source_train_normal_0767_car_F2_spd_37V_mic_1_noise_6.wav,1.172892511264081
section_05_source_train_normal_0768_car_F2_spd_37V_mic_1_noise_6.wav,24.840191725211724
section_05_source_train_normal_0769_car_F2_spd_37V_mic_1_noise_6.wav,14.818728899317762
section_05_source_train_normal_0770_car_F2_spd_37V_mic_1_noise_6.wav,-2.9190263592359145
section_05_source_train_normal_0771_car_F2_spd_37V_mic_1_noise_6.wav,12.75678608572909
section_05_source_train_normal_0772_car_F1_spd_37V_mic_1_noise_6.wav,69.28558402778165
section_05_source_train_normal_0773_car_F1_spd_37V_mic_1_noise_6.wav,48.798351072701564
section_05_source_train_normal_0774_car_F1_spd_37V_mic_1_noise_6.wav,20.51720417708782
section_05_source_train_normal_0775_car_F1_spd_37V_mic_1_noise_6.wav,27.616056708061592
section_05_source_train_normal_0776_car_F1_spd_37V_mic_1_noise_6.wav,15.0570670485331
section_05_source_train_normal_0777_car_F1_spd_37V_mic_1_noise_6.wav,47.89596896022306
section_05_source_train_normal_0778_car_F1_spd_37V_mic_1_noise_6.wav,12.177915403907264
section_05_source_train_normal_0779_car_F1_spd_37V_mic_1_noise_6.wav,20.11686481926938
section_05_source_train_normal_0780_car_F1_spd_37V_mic_1_noise_6.wav,25.437620489083542
section_05_source_train_normal_0781_car_F1_spd_37V_mic_1_noise_6.wav,27.160257304477398
section_05_source_train_normal_0782_car_F1_spd_37V_mic_1_noise_6.wav,3.0623220356959564
section_05_source_train_normal_0783_car_F1_spd_37V_mic_1_noise_6.wav,13.134969909052245
section_05_source_train_normal_0784_car_F1_spd_37V_mic_1_noise_6.wav,14.992513520064506
section_05_source_train_normal_0785_car_F1_spd_37V_mic_1_noise_6.wav,3.3170413050704326
section_05_source_train_normal_0786_car_F1_spd_37V_mic_1_noise_6.wav,16.295225675709588
section_05_source_train_normal_0787_car_F1_spd_37V_mic_1_noise_6.wav,-6.245263767278317
section_05_source_train_normal_0788_car_F1_spd_37V_mic_1_noise_6.wav,15.986417026948146
section_05_source_train_normal_0789_car_F1_spd_37V_mic_1_noise_6.wav,20.859702255609818
section_05_source_train_normal_0790_car_F1_spd_37V_mic_1_noise_6.wav,2.224901223177227
section_05_source_train_normal_0791_car_F1_spd_37V_mic_1_noise_6.wav,8.361128763279538
section_05_source_train_normal_0792_car_F1_spd_37V_mic_1_noise_6.wav,-4.634222210480942
section_05_source_train_normal_0793_car_F1_spd_37V_mic_1_noise_6.wav,16.458996233289355
section_05_source_train_normal_0794_car_F1_spd_37V_mic_1_noise_6.wav,-6.379982987819147
section_05_source_train_normal_0795_car_F1_spd_37V_mic_1_noise_6.wav,6.494654766530402
section_05_source_train_normal_0796_car_F1_spd_37V_mic_1_noise_6.wav,7.648604435457145
section_05_source_train_normal_0797_car_F1_spd_37V_mic_1_noise_6.wav,6.425465599156041
section_05_source_train_normal_0798_car_F1_spd_37V_mic_1_noise_6.wav,-1.1874556816949848
section_05_source_train_normal_0799_car_F1_spd_37V_mic_1_noise_6.wav,5.725097525528042
section_05_source_train_normal_0800_car_F1_spd_37V_mic_1_noise_6.wav,-0.34964962868812677
section_05_source_train_normal_0801_car_F1_spd_37V_mic_1_noise_6.wav,-1.9599369602810839
section_05_source_train_normal_0802_car_F1_spd_37V_mic_1_noise_6.wav,2.090249135523237
section_05_source_train_normal_0803_car_F1_spd_37V_mic_1_noise_6.wav,16.50820746373182
section_05_source_train_normal_0804_car_F1_spd_37V_mic_1_noise_6.wav,-10.04905181762149
section_05_source_train_normal_0805_car_F1_spd_37V_mic_1_noise_6.wav,-10.689003643174829
section_05_source_train_normal_0806_car_F1_spd_37V_mic_1_noise_6.wav,11.057898523026239
section_05_source_train_normal_0807_car_F1_spd_37V_mic_1_noise_6.wav,29.159754944641236
section_05_source_train_normal_0808_car_F1_spd_37V_mic_1_noise_6.wav,12.02497151352469
section_05_source_train_normal_0809_car_F1_spd_37V_mic_1_noise_6.wav,1.8245247202082737
section_05_source_train_normal_0810_car_F1_spd_37V_mic_1_noise_6.wav,-2.4031370035227724
section_05_source_train_normal_0811_car_F1_spd_37V_mic_1_noise_6.wav,-3.599221520959702
section_05_source_train_normal_0812_car_F1_spd_37V_mic_1_noise_6.wav,9.320285248975551
section_05_source_train_normal_0813_car_F1_spd_37V_mic_1_noise_6.wav,5.78762932626023
section_05_source_train_normal_0814_car_F1_spd_37V_mic_1_noise_6.wav,11.342848272303371
section_05_source_train_normal_0815_car_F1_spd_37V_mic_1_noise_6.wav,-1.7079808288056881
section_05_source_train_normal_0816_car_F1_spd_37V_mic_1_noise_6.wav,8.543627255262038
section_05_source_train_normal_0817_car_F1_spd_37V_mic_1_noise_6.wav,2.427972872984185
section_05_source_train_normal_0818_car_F1_spd_37V_mic_1_noise_6.wav,12.042675181932054
section_05_source_train_normal_0819_car_F1_spd_37V_mic_1_noise_6.wav,10.271175489503179
section_05_source_train_normal_0820_car_F1_spd_37V_mic_1_noise_6.wav,-0.09047456105815854
section_05_source_train_normal_0821_car_F2_spd_37V_mic_1_noise_6.wav,68.78966036038395
section_05_source_train_normal_0822_car_F2_spd_37V_mic_1_noise_6.wav,49.2618916760552
section_05_source_train_normal_0823_car_F2_spd_37V_mic_1_noise_6.wav,29.221731352172554
section_05_source_train_normal_0824_car_F2_spd_37V_mic_1_noise_6.wav,30.626189978554947
section_05_source_train_normal_0825_car_F2_spd_37V_mic_1_noise_6.wav,31.562343349929847
section_05_source_train_normal_0826_car_F2_spd_37V_mic_1_noise_6.wav,49.07787318693465
section_05_source_train_normal_0827_car_F2_spd_37V_mic_1_noise_6.wav,20.167446430717234
section_05_source_train_normal_0828_car_F2_spd_37V_mic_1_noise_6.wav,18.890101198321815
section_05_source_train_normal_0829_car_F2_spd_37V_mic_1_noise_6.wav,21.20261881866554
section_05_source_train_normal_0830_car_F1_spd_34V_mic_1_noise_6.wav,88.1715348538795
section_05_source_train_normal_0831_car_F1_spd_34V_mic_1_noise_6.wav,135.35499359703198
section_05_source_train_normal_0832_car_F1_spd_34V_mic_1_noise_6.wav,37.625444752616346
section_05_source_train_normal_0833_car_F1_spd_34V_mic_1_noise_6.wav,5.304864152549101
section_05_source_train_normal_0834_car_F1_spd_34V_mic_1_noise_6.wav,31.81237848588259
section_05_source_train_normal_0835_car_F1_spd_34V_mic_1_noise_6.wav,37.42612544245719
section_05_source_train_normal_0836_car_F1_spd_34V_mic_1_noise_6.wav,4.692122961119793
section_05_source_train_normal_0837_car_F1_spd_34V_mic_1_noise_6.wav,21.44065767970295
section_05_source_train_normal_0838_car_F1_spd_34V_mic_1_noise_6.wav,3.086217839116358
section_05_source_train_normal_0839_car_F1_spd_34V_mic_1_noise_6.wav,7.352751294004634
section_05_source_train_normal_0840_car_F1_spd_34V_mic_1_noise_6.wav,30.29263547229374
section_05_source_train_normal_0841_car_F1_spd_34V_mic_1_noise_6.wav,3.9666761017808483
section_05_source_train_normal_0842_car_F1_spd_34V_mic_1_noise_6.wav,15.000049953714381
section_05_source_train_normal_0843_car_F1_spd_34V_mic_1_noise_6.wav,18.050896844515705
section_05_source_train_normal_0844_car_F1_spd_34V_mic_1_noise_6.wav,1.9013249144677502
section_05_source_train_normal_0845_car_F1_spd_34V_mic_1_noise_6.wav,8.083069333170045
section_05_source_train_normal_0846_car_F1_spd_34V_mic_1_noise_6.wav,-6.231081251096384
section_05_source_train_normal_0847_car_F1_spd_34V_mic_1_noise_6.wav,3.031726908987906
section_05_source_train_normal_0848_car_F1_spd_34V_mic_1_noise_6.wav,29.298133236791102
section_05_source_train_normal_0849_car_F1_spd_34V_mic_1_noise_6.wav,-4.992658999234379
section_05_source_train_normal_0850_car_F1_spd_34V_mic_1_noise_6.wav,-1.3320400288559995
section_05_source_train_normal_0851_car_F1_spd_34V_mic_1_noise_6.wav,-1.6767311368088826
section_05_source_train_normal_0852_car_F1_spd_34V_mic_1_noise_6.wav,-3.342090337509916
section_05_source_train_normal_0853_car_F1_spd_34V_mic_1_noise_6.wav,0.31998774526695684
section_05_source_train_normal_0854_car_F1_spd_34V_mic_1_noise_6.wav,-1.9239165791969413
section_05_source_train_normal_0855_car_F1_spd_34V_mic_1_noise_6.wav,0.7206050338829186
section_05_source_train_normal_0856_car_F1_spd_34V_mic_1_noise_6.wav,-3.682667126089825
section_05_source_train_normal_0857_car_F1_spd_34V_mic_1_noise_6.wav,8.437714934031476
section_05_source_train_normal_0858_car_F1_spd_34V_mic_1_noise_6.wav,0.5660655335814511
section_05_source_train_normal_0859_car_F1_spd_34V_mic_1_noise_6.wav,5.3678600302905295
section_05_source_train_normal_0860_car_F1_spd_34V_mic_1_noise_6.wav,-7.021974846274787
section_05_source_train_normal_0861_car_F1_spd_34V_mic_1_noise_6.wav,14.303348795755909
section_05_source_train_normal_0862_car_F1_spd_34V_mic_1_noise_6.wav,22.84600548777337
section_05_source_train_normal_0863_car_F1_spd_34V_mic_1_noise_6.wav,3.9943246070083944
section_05_source_train_normal_0864_car_F1_spd_34V_mic_1_noise_6.wav,7.637949004079303
section_05_source_train_normal_0865_car_F1_spd_34V_mic_1_noise_6.wav,-1.714369943319923
section_05_source_train_normal_0866_car_F1_spd_34V_mic_1_noise_6.wav,-4.949057750220618
section_05_source_train_normal_0867_car_F1_spd_34V_mic_1_noise_6.wav,-5.354100438858154
section_05_source_train_normal_0868_car_F1_spd_34V_mic_1_noise_6.wav,12.426876130740027
section_05_source_train_normal_0869_car_F1_spd_34V_mic_1_noise_6.wav,2.049049015994001
section_05_source_train_normal_0870_car_F2_spd_37V_mic_1_noise_6.wav,39.539398958596166
section_05_source_train_normal_0871_car_F2_spd_37V_mic_1_noise_6.wav,67.87506833073544
section_05_source_train_normal_0872_car_F2_spd_37V_mic_1_noise_6.wav,28.890112410700766
section_05_source_train_normal_0873_car_F2_spd_37V_mic_1_noise_6.wav,33.87163379827592
section_05_source_train_normal_0874_car_F2_spd_37V_mic_1_noise_6.wav,31.088636265198602
section_05_source_train_normal_0875_car_F2_spd_37V_mic_1_noise_6.wav,45.32821423983239
section_05_source_train_normal_0876_car_F2_spd_37V_mic_1_noise_6.wav,42.71777924053714
section_05_source_train_normal_0877_car_F2_spd_37V_mic_1_noise_6.wav,41.14354429837357
section_05_source_train_normal_0878_car_F2_spd_37V_mic_1_noise_6.wav,11.548808493354045
section_05_source_train_normal_0879_car_F2_spd_37V_mic_1_noise_6.wav,30.00117969522657
section_05_source_train_normal_0880_car_F2_spd_37V_mic_1_noise_6.wav,22.567002985873614
section_05_source_train_normal_0881_car_F2_spd_37V_mic_1_noise_6.wav,46.153126990466546
section_05_source_train_normal_0882_car_F2_spd_37V_mic_1_noise_6.wav,22.015365983741475
section_05_source_train_normal_0883_car_F2_spd_37V_mic_1_noise_6.wav,23.213091247785286
section_05_source_train_normal_0884_car_F2_spd_37V_mic_1_noise_6.wav,21.622766281893718
section_05_source_train_normal_0885_car_F2_spd_37V_mic_1_noise_6.wav,17.064455639748246
section_05_source_train_normal_0886_car_F2_spd_37V_mic_1_noise_6.wav,17.839733786161133
section_05_source_train_normal_0887_car_F2_spd_37V_mic_1_noise_6.wav,38.077363838529436
section_05_source_train_normal_0888_car_F2_spd_37V_mic_1_noise_6.wav,19.11991951967829
section_05_source_train_normal_0889_car_F2_spd_37V_mic_1_noise_6.wav,19.35126654060963
section_05_source_train_normal_0890_car_F2_spd_37V_mic_1_noise_6.wav,-4.743877716202348
section_05_source_train_normal_0891_car_F2_spd_37V_mic_1_noise_6.wav,14.417414536100495
section_05_source_train_normal_0892_car_F2_spd_37V_mic_1_noise_6.wav,11.694902646547177
section_05_source_train_normal_0893_car_F2_spd_37V_mic_1_noise_6.wav,11.028293595964016
section_05_source_train_normal_0894_car_F2_spd_37V_mic_1_noise_6.wav,11.581938913261808
section_05_source_train_normal_0895_car_F2_spd_37V_mic_1_noise_6.wav,1.8588136266385504
section_05_source_train_normal_0896_car_F2_spd_37V_mic_1_noise_6.wav,7.706734317129872
section_05_source_train_normal_0897_car_F2_spd_37V_mic_1_noise_6.wav,17.68683302109747
section_05_source_train_normal_0898_car_F2_spd_37V_mic_1_noise_6.wav,9.06078091633583
section_05_source_train_normal_0899_car_F2_spd_37V_mic_1_noise_6.wav,13.723770370955748
section_05_source_train_normal_0900_car_F2_spd_37V_mic_1_noise_6.wav,10.819418617905399
section_05_source_train_normal_0901_car_F2_spd_37V_mic_1_noise_6.wav,15.630996463850693
section_05_source_train_normal_0902_car_F2_spd_37V_mic_1_noise_6.wav,21.590741277991583
section_05_source_train_normal_0903_car_F2_spd_37V_mic_1_noise_6.wav,6.026572713380347
section_05_source_train_normal_0904_car_F2_spd_37V_mic_1_noise_6.wav,5.057815896500273
section_05_source_train_normal_0905_car_F2_spd_37V_mic_1_noise_6.wav,14.56721893668552
section_05_source_train_normal_0906_car_F2_spd_37V_mic_1_noise_6.wav,51.057656961372004
section_05_source_train_normal_0907_car_F2_spd_37V_mic_1_noise_6.wav,23.514490332430825
section_05_source_train_normal_0908_car_F2_spd_37V_mic_1_noise_6.wav,34.62737973501933
section_05_source_train_normal_0909_car_F2_spd_37V_mic_1_noise_6.wav,19.969145991002023
section_05_source_train_normal_0910_car_H1_spd_34V_mic_1_noise_6.wav,33.27468650669209
section_05_source_train_normal_0911_car_H1_spd_34V_mic_1_noise_6.wav,15.684027503176338
section_05_source_train_normal_0912_car_H1_spd_34V_mic_1_noise_6.wav,18.75732981079392
section_05_source_train_normal_0913_car_H1_spd_34V_mic_1_noise_6.wav,38.54406980003887
section_05_source_train_normal_0914_car_H1_spd_34V_mic_1_noise_6.wav,12.094913693490867
section_05_source_train_normal_0915_car_H1_spd_34V_mic_1_noise_6.wav,3.5353259632191225
section_05_source_train_normal_0916_car_H1_spd_34V_mic_1_noise_6.wav,5.987347510587625
section_05_source_train_normal_0917_car_H1_spd_34V_mic_1_noise_6.wav,33.6888023160827
section_05_source_train_normal_0918_car_H1_spd_34V_mic_1_noise_6.wav,1.08624843584181
section_05_source_train_normal_0919_car_H1_spd_34V_mic_1_noise_6.wav,16.453691098296474
section_05_source_train_normal_0920_car_H1_spd_34V_mic_1_noise_6.wav,17.34241917241252
section_05_source_train_normal_0921_car_H1_spd_34V_mic_1_noise_6.wav,12.642629411875134
section_05_source_train_normal_0922_car_H1_spd_34V_mic_1_noise_6.wav,29.46366505608694
section_05_source_train_normal_0923_car_H1_spd_34V_mic_1_noise_6.wav,20.956290635791476
section_05_source_train_normal_0924_car_H1_spd_34V_mic_1_noise_6.wav,6.645253716880973
section_05_source_train_normal_0925_car_H1_spd_34V_mic_1_noise_6.wav,7.772704114995236
section_05_source_train_normal_0926_car_H1_spd_34V_mic_1_noise_6.wav,25.134888908820813
section_05_source_train_normal_0927_car_H1_spd_34V_mic_1_noise_6.wav,5.028328823935681
section_05_source_train_normal_0928_car_H1_spd_34V_mic_1_noise_6.wav,-3.392829185543235
section_05_source_train_normal_0929_car_H1_spd_34V_mic_1_noise_6.wav,5.713464393495769
section_05_source_train_normal_0930_car_H1_spd_34V_mic_1_noise_6.wav,2.9134978298524175
section_05_source_train_normal_0931_car_H1_spd_34V_mic_1_noise_6.wav,7.338468222063426
section_05_source_train_normal_0932_car_H1_spd_34V_mic_1_noise_6.wav,8.524159292798487
section_05_source_train_normal_0933_car_H1_spd_34V_mic_1_noise_6.wav,13.803881477617495
section_05_source_train_normal_0934_car_H1_spd_34V_mic_1_noise_6.wav,2.8864144868699384
section_05_source_train_normal_0935_car_H1_spd_34V_mic_1_noise_6.wav,13.821473352335914
section_05_source_train_normal_0936_car_H1_spd_34V_mic_1_noise_6.wav,30.359972709927547
section_05_source_train_normal_0937_car_H1_spd_34V_mic_1_noise_6.wav,14.616018527787304
section_05_source_train_normal_0938_car_H1_spd_34V_mic_1_noise_6.wav,2.07439636859786
section_05_source_train_normal_0939_car_H1_spd_34V_mic_1_noise_6.wav,16.258337056653147
section_05_source_train_normal_0940_car_H1_spd_34V_mic_1_noise_6.wav,40.33736104772379
section_05_source_train_normal_0941_car_H1_spd_34V_mic_1_noise_6.wav,27.471156006548313
section_05_source_train_normal_0942_car_H1_spd_34V_mic_1_noise_6.wav,7.029049822457523
section_05_source_train_normal_0943_car_H1_spd_34V_mic_1_noise_6.wav,5.39557216627702
section_05_source_train_normal_0944_car_H1_spd_34V_mic_1_noise_6.wav,7.142986739126172
section_05_source_train_normal_0945_car_H1_spd_34V_mic_1_noise_6.wav,20.359363284062823
section_05_source_train_normal_0946_car_H1_spd_34V_mic_1_noise_6.wav,11.351254031197357
section_05_source_train_normal_0947_car_H1_spd_34V_mic_1_noise_6.wav,13.004698788117963
section_05_source_train_normal_0948_car_H1_spd_34V_mic_1_noise_6.wav,14.111338909009646
section_05_source_train_normal_0949_car_H1_spd_34V_mic_1_noise_6.wav,11.735374275455314
section_05_source_train_normal_0950_car_H2_spd_37V_mic_1_noise_6.wav,24.124746423311194
section_05_source_train_normal_0951_car_H2_spd_37V_mic_1_noise_6.wav,11.961973848469682
section_05_source_train_normal_0952_car_H2_spd_37V_mic_1_noise_6.wav,23.16148119244201
section_05_source_train_normal_0953_car_H2_spd_37V_mic_1_noise_6.wav,5.417140379262463
section_05_source_train_normal_0954_car_H2_spd_37V_mic_1_noise_6.wav,2.599065751547016
section_05_source_train_normal_0955_car_H2_spd_37V_mic_1_noise_6.wav,10.622321297166366
section_05_source_train_normal_0956_car_H2_spd_37V_mic_1_noise_6.wav,17.659593897571227
section_05_source_train_normal_0957_car_H2_spd_37V_mic_1_noise_6.wav,27.986362586913117
section_05_source_train_normal_0958_car_H2_spd_37V_mic_1_noise_6.wav,5.690976296124518
section_05_source_train_normal_0959_car_H2_spd_37V_mic_1_noise_6.wav,3.5854648028148404
section_05_source_train_normal_0960_car_H2_spd_37V_mic_1_noise_6.wav,13.235320627793158
section_05_source_train_normal_0961_car_H2_spd_37V_mic_1_noise_6.wav,-2.9235373171428876
section_05_source_train_normal_0962_car_H2_spd_37V_mic_1_noise_6.wav,12.412459890674683
section_05_source_train_normal_0963_car_H2_spd_37V_mic_1_noise_6.wav,7.965850163024925
section_05_source_train_normal_0964_car_H2_spd_37V_mic_1_noise_6.wav,13.467852288779284
section_05_source_train_normal_0965_car_H2_spd_37V_mic_1_noise_6.wav,5.033915540763701
section_05_source_train_normal_0966_car_H2_spd_37V_mic_1_noise_6.wav,17.681447566643925
section_05_source_train_normal_0967_car_H2_spd_37V_mic_1_noise_6.wav,50.49937909430324
section_05_source_train_normal_0968_car_H2_spd_37V_mic_1_noise_6.wav,17.836633471891673
section_05_source_train_normal_0969_car_H2_spd_37V_mic_1_noise_6.wav,14.356486945855124
section_05_source_train_normal_0970_car_H2_spd_37V_mic_1_noise_6.wav,29.61388373202516
section_05_source_train_normal_0971_car_H2_spd_37V_mic_1_noise_6.wav,0.24271831301814473
section_05_source_train_normal_0972_car_H2_spd_37V_mic_1_noise_6.wav,7.438311078478932
section_05_source_train_normal_0973_car_H2_spd_37V_mic_1_noise_6.wav,68.40235054546199
section_05_source_train_normal_0974_car_H2_spd_37V_mic_1_noise_6.wav,7.000419554955613
section_05_source_train_normal_0975_car_H2_spd_37V_mic_1_noise_6.wav,4.838942536396786
section_05_source_train_normal_0976_car_H2_spd_37V_mic_1_noise_6.wav,0.7700944303502979
section_05_source_train_normal_0977_car_H2_spd_37V_mic_1_noise_6.wav,15.367835356807149
section_05_source_train_normal_0978_car_H2_spd_37V_mic_1_noise_6.wav,-11.507569228869784
section_05_source_train_normal_0979_car_H2_spd_37V_mic_1_noise_6.wav,7.0063752926749885
section_05_source_train_normal_0980_car_H2_spd_37V_mic_1_noise_6.wav,17.54657925795567
section_05_source_train_normal_0981_car_H2_spd_37V_mic_1_noise_6.wav,-3.400024893761696
section_05_source_train_normal_0982_car_H2_spd_37V_mic_1_noise_6.wav,-1.5325590339482744
section_05_source_train_normal_0983_car_H2_spd_37V_mic_1_noise_6.wav,10.185366593039305
section_05_source_train_normal_0984_car_H2_spd_37V_mic_1_noise_6.wav,8.220990169434032
section_05_source_train_normal_0985_car_H2_spd_37V_mic_1_noise_6.wav,8.150632354763104
section_05_source_train_normal_0986_car_H2_spd_37V_mic_1_noise_6.wav,105.38839007660727
section_05_source_train_normal_0987_car_H2_spd_37V_mic_1_noise_6.wav,4.6030984997289295
section_05_source_train_normal_0988_car_H2_spd_37V_mic_1_noise_6.wav,-1.1611023351441077
section_05_source_train_normal_0989_car_H2_spd_37V_mic_1_noise_6.wav,14.415247361494352
section_05_target_train_normal_0000_car_G1_spd_28V_mic_1_noise_6.wav,-24.643064497619037
section_05_target_train_normal_0001_car_G1_spd_28V_mic_1_noise_6.wav,16.4151372140268
section_05_target_train_normal_0002_car_G2_spd_28V_mic_1_noise_6.wav,-29.99897367635313
section_05_target_train_normal_0003_car_G2_spd_28V_mic_1_noise_6.wav,-33.45850217778789
section_05_target_train_normal_0004_car_G2_spd_28V_mic_1_noise_6.wav,-14.97709323607046
section_05_target_train_normal_0005_car_G1_spd_40V_mic_1_noise_6.wav,8.185736292931892
section_05_target_train_normal_0006_car_G1_spd_40V_mic_1_noise_6.wav,-1.280633897253722
section_05_target_train_normal_0007_car_G1_spd_40V_mic_1_noise_6.wav,-10.097545442335104
section_05_target_train_normal_0008_car_G2_spd_40V_mic_1_noise_6.wav,-11.604008159009908
section_05_target_train_normal_0009_car_G2_spd_40V_mic_1_noise_6.wav,-30.143709584204373
