section_04_source_train_normal_0000_pat_04_panel_open.wav,182.36859206371702
section_04_source_train_normal_0001_pat_05_panel_bs-c.wav,230.07377156913935
section_04_source_train_normal_0002_pat_04_panel_bs-c.wav,248.71485977576737
section_04_source_train_normal_0003_pat_04_panel_bs-c.wav,249.18835086875197
section_04_source_train_normal_0004_pat_04_panel_open.wav,178.1405517533437
section_04_source_train_normal_0005_pat_04_panel_open.wav,307.24589462512165
section_04_source_train_normal_0006_pat_04_panel_open.wav,230.56754166287286
section_04_source_train_normal_0007_pat_05_panel_open.wav,254.16666899420275
section_04_source_train_normal_0008_pat_04_panel_bs-c.wav,213.4495659845103
section_04_source_train_normal_0009_pat_05_panel_bs-c.wav,197.23824987168456
section_04_source_train_normal_0010_pat_04_panel_bs-c.wav,213.86113046155242
section_04_source_train_normal_0011_pat_05_panel_open.wav,173.43781894950124
section_04_source_train_normal_0012_pat_04_panel_open.wav,178.79943495870216
section_04_source_train_normal_0013_pat_04_panel_bs-c.wav,213.5863012870451
section_04_source_train_normal_0014_pat_05_panel_bs-c.wav,204.5711475608344
section_04_source_train_normal_0015_pat_05_panel_bs-c.wav,226.40107808767357
section_04_source_train_normal_0016_pat_05_panel_open.wav,208.33567899483765
section_04_source_train_normal_0017_pat_04_panel_open.wav,202.0404328156467
section_04_source_train_normal_0018_pat_04_panel_open.wav,207.60815587800198
section_04_source_train_normal_0019_pat_05_panel_open.wav,206.32731810773413
section_04_source_train_normal_0020_pat_04_panel_bs-c.wav,264.60220655103126
section_04_source_train_normal_0021_pat_05_panel_bs-c.wav,208.52689929053912
section_04_source_train_normal_0022_pat_04_panel_bs-c.wav,190.72412667922225
section_04_source_train_normal_0023_pat_05_panel_bs-c.wav,196.32981314543608
section_04_source_train_normal_0024_pat_05_panel_bs-c.wav,204.11275142515262
section_04_source_train_normal_0025_pat_05_panel_open.wav,197.26924229053236
section_04_source_train_normal_0026_pat_04_panel_open.wav,228.53672129460645
section_04_source_train_normal_0027_pat_04_panel_bs-c.wav,201.30897440441237
section_04_source_train_normal_0028_pat_04_panel_bs-c.wav,240.79948780674957
section_04_source_train_normal_0029_pat_04_panel_bs-c.wav,191.30149974769233
section_04_source_train_normal_0030_pat_05_panel_open.wav,170.44071392468894
section_04_source_train_normal_0031_pat_05_panel_bs-c.wav,210.398132066234
section_04_source_train_normal_0032_pat_04_panel_bs-c.wav,193.9017931613613
section_04_source_train_normal_0033_pat_05_panel_open.wav,185.19487307023786
section_04_source_train_normal_0034_pat_04_panel_open.wav,198.0647459696319
section_04_source_train_normal_0035_pat_05_panel_bs-c.wav,181.78535920155738
section_04_source_train_normal_0036_pat_04_panel_bs-c.wav,168.581827429784
section_04_source_train_normal_0037_pat_05_panel_bs-c.wav,202.88205217819714
section_04_source_train_normal_0038_pat_05_panel_bs-c.wav,245.57667511286996
section_04_source_train_normal_0039_pat_04_panel_bs-c.wav,232.37131863566532
section_04_source_train_normal_0040_pat_04_panel_bs-c.wav,239.06415585170856
section_04_source_train_normal_0041_pat_04_panel_open.wav,234.6492417753847
section_04_source_train_normal_0042_pat_05_panel_bs-c.wav,190.34428283057883
section_04_source_train_normal_0043_pat_05_panel_bs-c.wav,192.14393156975015
section_04_source_train_normal_0044_pat_05_panel_open.wav,176.69987421587567
section_04_source_train_normal_0045_pat_04_panel_bs-c.wav,224.29714622082992
section_04_source_train_normal_0046_pat_04_panel_open.wav,257.1665126981763
section_04_source_train_normal_0047_pat_05_panel_bs-c.wav,215.17259418735307
section_04_source_train_normal_0048_pat_05_panel_open.wav,175.54020546881813
section_04_source_train_normal_0049_pat_04_panel_open.wav,339.38024187767957
section_04_source_train_normal_0050_pat_04_panel_open.wav,243.00607303957355
section_04_source_train_normal_0051_pat_04_panel_open.wav,195.86758766801162
section_04_source_train_normal_0052_pat_05_panel_open.wav,259.0690469845438
section_04_source_train_normal_0053_pat_04_panel_bs-c.wav,204.86933110156966
section_04_source_train_normal_0054_pat_04_panel_open.wav,214.87450709905178
section_04_source_train_normal_0055_pat_05_panel_open.wav,244.60993772511932
section_04_source_train_normal_0056_pat_04_panel_open.wav,189.43411514778555
section_04_source_train_normal_0057_pat_04_panel_bs-c.wav,252.87180304434682
section_04_source_train_normal_0058_pat_04_panel_open.wav,193.87795090949842
section_04_source_train_normal_0059_pat_04_panel_open.wav,190.75110569566817
section_04_source_train_normal_0060_pat_04_panel_open.wav,169.24793172417938
section_04_source_train_normal_0061_pat_04_panel_open.wav,249.164540255116
section_04_source_train_normal_0062_pat_05_panel_open.wav,231.4412596358121
section_04_source_train_normal_0063_pat_05_panel_open.wav,196.80395458184464
section_04_source_train_normal_0064_pat_04_panel_open.wav,271.05209153145904
section_04_source_train_normal_0065_pat_04_panel_bs-c.wav,206.17741900107538
section_04_source_train_normal_0066_pat_05_panel_open.wav,163.68691941600144
section_04_source_train_normal_0067_pat_05_panel_open.wav,182.27297227250085
section_04_source_train_normal_0068_pat_04_panel_bs-c.wav,204.65779878146634
section_04_source_train_normal_0069_pat_04_panel_open.wav,277.90579306810633
section_04_source_train_normal_0070_pat_04_panel_open.wav,253.1602734582384
section_04_source_train_normal_0071_pat_04_panel_open.wav,184.5718619679664
section_04_source_train_normal_0072_pat_04_panel_open.wav,178.26983692575865
section_04_source_train_normal_0073_pat_05_panel_bs-c.wav,360.9533676052625
section_04_source_train_normal_0074_pat_05_panel_bs-c.wav,187.88920475665506
section_04_source_train_normal_0075_pat_04_panel_bs-c.wav,174.32561629424512
section_04_source_train_normal_0076_pat_04_panel_open.wav,186.73250910032394
section_04_source_train_normal_0077_pat_04_panel_open.wav,173.11900375791228
section_04_source_train_normal_0078_pat_04_panel_bs-c.wav,167.5448168031832
section_04_source_train_normal_0079_pat_04_panel_open.wav,181.35792508631923
section_04_source_train_normal_0080_pat_05_panel_open.wav,166.24670509279534
section_04_source_train_normal_0081_pat_04_panel_open.wav,197.75466601748315
section_04_source_train_normal_0082_pat_04_panel_bs-c.wav,204.9411313598501
section_04_source_train_normal_0083_pat_04_panel_open.wav,210.13524484363825
section_04_source_train_normal_0084_pat_04_panel_bs-c.wav,286.73439520080507
section_04_source_train_normal_0085_pat_04_panel_bs-c.wav,182.63142953214728
section_04_source_train_normal_0086_pat_05_panel_open.wav,242.1747975639302
section_04_source_train_normal_0087_pat_05_panel_bs-c.wav,189.79139312679334
section_04_source_train_normal_0088_pat_04_panel_bs-c.wav,190.98238658071318
section_04_source_train_normal_0089_pat_04_panel_open.wav,206.2387535096794
section_04_source_train_normal_0090_pat_05_panel_open.wav,189.80434927986394
section_04_source_train_normal_0091_pat_05_panel_bs-c.wav,197.7480254569562
section_04_source_train_normal_0092_pat_05_panel_bs-c.wav,203.8213416926896
section_04_source_train_normal_0093_pat_05_panel_bs-c.wav,209.0050739496226
section_04_source_train_normal_0094_pat_05_panel_bs-c.wav,226.14346099894732
section_04_source_train_normal_0095_pat_04_panel_open.wav,190.0734232927116
section_04_source_train_normal_0096_pat_05_panel_bs-c.wav,203.04374549390604
section_04_source_train_normal_0097_pat_04_panel_bs-c.wav,215.8062433729287
section_04_source_train_normal_0098_pat_05_panel_bs-c.wav,186.8262734373708
section_04_source_train_normal_0099_pat_05_panel_bs-c.wav,197.7034479978916
section_04_source_train_normal_0100_pat_04_panel_bs-c.wav,207.5958783397355
section_04_source_train_normal_0101_pat_04_panel_open.wav,287.1051809754648
section_04_source_train_normal_0102_pat_05_panel_bs-c.wav,204.97001487605303
section_04_source_train_normal_0103_pat_04_panel_open.wav,205.9094317068578
section_04_source_train_normal_0104_pat_04_panel_bs-c.wav,217.4963300867393
section_04_source_train_normal_0105_pat_05_panel_bs-c.wav,232.05352671702315
section_04_source_train_normal_0106_pat_04_panel_bs-c.wav,251.28168393928934
section_04_source_train_normal_0107_pat_04_panel_bs-c.wav,225.17812698398512
section_04_source_train_normal_0108_pat_04_panel_bs-c.wav,188.47524870665765
section_04_source_train_normal_0109_pat_04_panel_bs-c.wav,230.224885593438
section_04_source_train_normal_0110_pat_05_panel_open.wav,172.12400352832574
section_04_source_train_normal_0111_pat_04_panel_open.wav,238.8119972860537
section_04_source_train_normal_0112_pat_04_panel_open.wav,182.39712148959956
section_04_source_train_normal_0113_pat_04_panel_open.wav,258.20209822102805
section_04_source_train_normal_0114_pat_05_panel_bs-c.wav,212.92901686454562
section_04_source_train_normal_0115_pat_04_panel_bs-c.wav,184.55705669506665
section_04_source_train_normal_0116_pat_05_panel_bs-c.wav,209.70622743554026
section_04_source_train_normal_0117_pat_04_panel_open.wav,192.8744987262386
section_04_source_train_normal_0118_pat_05_panel_open.wav,188.5592640310971
section_04_source_train_normal_0119_pat_05_panel_bs-c.wav,201.37634794202324
section_04_source_train_normal_0120_pat_04_panel_open.wav,296.60189344830576
section_04_source_train_normal_0121_pat_04_panel_bs-c.wav,270.5038034018317
section_04_source_train_normal_0122_pat_05_panel_open.wav,174.4518634140939
section_04_source_train_normal_0123_pat_04_panel_open.wav,245.4172444747467
section_04_source_train_normal_0124_pat_05_panel_open.wav,286.58601490635846
section_04_source_train_normal_0125_pat_05_panel_open.wav,229.55176690309293
section_04_source_train_normal_0126_pat_04_panel_bs-c.wav,201.50242241098402
section_04_source_train_normal_0127_pat_05_panel_open.wav,171.2974239638324
section_04_source_train_normal_0128_pat_04_panel_bs-c.wav,315.8598401111058
section_04_source_train_normal_0129_pat_05_panel_bs-c.wav,203.49568727716712
section_04_source_train_normal_0130_pat_05_panel_bs-c.wav,195.25779645032594
section_04_source_train_normal_0131_pat_04_panel_bs-c.wav,193.71595951031154
section_04_source_train_normal_0132_pat_04_panel_open.wav,268.0166767190511
section_04_source_train_normal_0133_pat_04_panel_open.wav,196.98132393900084
section_04_source_train_normal_0134_pat_05_panel_bs-c.wav,196.15027314345727
section_04_source_train_normal_0135_pat_04_panel_bs-c.wav,217.17680962860305
section_04_source_train_normal_0136_pat_05_panel_bs-c.wav,203.83434447688524
section_04_source_train_normal_0137_pat_04_panel_bs-c.wav,247.64487788404162
section_04_source_train_normal_0138_pat_04_panel_bs-c.wav,223.29679157861102
section_04_source_train_normal_0139_pat_05_panel_open.wav,239.98905980047354
section_04_source_train_normal_0140_pat_04_panel_bs-c.wav,271.90597267043904
section_04_source_train_normal_0141_pat_05_panel_bs-c.wav,182.54953308794825
section_04_source_train_normal_0142_pat_05_panel_bs-c.wav,191.85312868810448
section_04_source_train_normal_0143_pat_05_panel_open.wav,178.54259488736923
section_04_source_train_normal_0144_pat_04_panel_bs-c.wav,209.4078140237699
section_04_source_train_normal_0145_pat_04_panel_bs-c.wav,198.7279490721179
section_04_source_train_normal_0146_pat_04_panel_bs-c.wav,206.30886924967885
section_04_source_train_normal_0147_pat_04_panel_open.wav,188.3674196286773
section_04_source_train_normal_0148_pat_04_panel_bs-c.wav,198.22485145316784
section_04_source_train_normal_0149_pat_05_panel_open.wav,254.72075831431158
section_04_source_train_normal_0150_pat_05_panel_open.wav,216.60774918628363
section_04_source_train_normal_0151_pat_05_panel_bs-c.wav,219.3302293989415
section_04_source_train_normal_0152_pat_05_panel_bs-c.wav,199.29438518214138
section_04_source_train_normal_0153_pat_04_panel_bs-c.wav,191.4971628727527
section_04_source_train_normal_0154_pat_04_panel_bs-c.wav,172.97266582202653
section_04_source_train_normal_0155_pat_05_panel_bs-c.wav,187.96372405889292
section_04_source_train_normal_0156_pat_04_panel_bs-c.wav,234.27437561990428
section_04_source_train_normal_0157_pat_05_panel_open.wav,194.16337230067236
section_04_source_train_normal_0158_pat_04_panel_open.wav,203.98452420318327
section_04_source_train_normal_0159_pat_05_panel_bs-c.wav,217.12766194912487
section_04_source_train_normal_0160_pat_04_panel_open.wav,179.8283901572544
section_04_source_train_normal_0161_pat_04_panel_open.wav,236.1527400322061
section_04_source_train_normal_0162_pat_04_panel_open.wav,261.5019269169615
section_04_source_train_normal_0163_pat_04_panel_bs-c.wav,191.94411986936606
section_04_source_train_normal_0164_pat_05_panel_bs-c.wav,191.2131348563323
section_04_source_train_normal_0165_pat_05_panel_bs-c.wav,206.59972988980525
section_04_source_train_normal_0166_pat_04_panel_open.wav,255.45294957485348
section_04_source_train_normal_0167_pat_04_panel_open.wav,282.721723738879
section_04_source_train_normal_0168_pat_04_panel_bs-c.wav,172.219869203674
section_04_source_train_normal_0169_pat_04_panel_bs-c.wav,284.64705941739504
section_04_source_train_normal_0170_pat_04_panel_open.wav,170.36571087659738
section_04_source_train_normal_0171_pat_04_panel_bs-c.wav,223.00010282727345
section_04_source_train_normal_0172_pat_05_panel_open.wav,180.70298175594746
section_04_source_train_normal_0173_pat_05_panel_bs-c.wav,202.02205799975638
section_04_source_train_normal_0174_pat_05_panel_bs-c.wav,191.4037926345786
section_04_source_train_normal_0175_pat_04_panel_bs-c.wav,199.38001004046595
section_04_source_train_normal_0176_pat_05_panel_open.wav,203.61240604904313
section_04_source_train_normal_0177_pat_05_panel_bs-c.wav,217.02888102257262
section_04_source_train_normal_0178_pat_05_panel_open.wav,171.25506021726932
section_04_source_train_normal_0179_pat_04_panel_bs-c.wav,176.2200223392131
section_04_source_train_normal_0180_pat_04_panel_bs-c.wav,282.5098057427482
section_04_source_train_normal_0181_pat_05_panel_open.wav,301.5058930585898
section_04_source_train_normal_0182_pat_04_panel_open.wav,193.36762817072852
section_04_source_train_normal_0183_pat_04_panel_bs-c.wav,200.27149755734405
section_04_source_train_normal_0184_pat_05_panel_open.wav,167.23158268917527
section_04_source_train_normal_0185_pat_04_panel_open.wav,235.81664391771338
section_04_source_train_normal_0186_pat_04_panel_open.wav,182.48891579853978
section_04_source_train_normal_0187_pat_05_panel_open.wav,175.9448163018342
section_04_source_train_normal_0188_pat_05_panel_bs-c.wav,195.59694087829337
section_04_source_train_normal_0189_pat_05_panel_bs-c.wav,213.86907080085996
section_04_source_train_normal_0190_pat_05_panel_bs-c.wav,206.9569603771987
section_04_source_train_normal_0191_pat_05_panel_bs-c.wav,213.15163362956747
section_04_source_train_normal_0192_pat_04_panel_open.wav,235.74490378681654
section_04_source_train_normal_0193_pat_04_panel_open.wav,248.96704760388502
section_04_source_train_normal_0194_pat_05_panel_bs-c.wav,259.87447699652967
section_04_source_train_normal_0195_pat_05_panel_bs-c.wav,210.67243682284322
section_04_source_train_normal_0196_pat_04_panel_bs-c.wav,221.81969326178097
section_04_source_train_normal_0197_pat_05_panel_bs-c.wav,203.81489219811215
section_04_source_train_normal_0198_pat_05_panel_bs-c.wav,222.67840920391114
section_04_source_train_normal_0199_pat_05_panel_bs-c.wav,212.5501794944118
section_04_source_train_normal_0200_pat_04_panel_open.wav,189.54426419414818
section_04_source_train_normal_0201_pat_04_panel_bs-c.wav,199.17540108061098
section_04_source_train_normal_0202_pat_04_panel_open.wav,181.43194656628478
section_04_source_train_normal_0203_pat_04_panel_bs-c.wav,202.33930386783305
section_04_source_train_normal_0204_pat_05_panel_open.wav,198.69099517788436
section_04_source_train_normal_0205_pat_04_panel_open.wav,271.46338326922233
section_04_source_train_normal_0206_pat_04_panel_bs-c.wav,282.99069058005443
section_04_source_train_normal_0207_pat_04_panel_open.wav,195.53109559510943
section_04_source_train_normal_0208_pat_04_panel_open.wav,179.44961218577117
section_04_source_train_normal_0209_pat_04_panel_bs-c.wav,250.89190616994927
section_04_source_train_normal_0210_pat_05_panel_bs-c.wav,220.16382694587875
section_04_source_train_normal_0211_pat_05_panel_open.wav,193.42488916917281
section_04_source_train_normal_0212_pat_04_panel_open.wav,171.3633573636325
section_04_source_train_normal_0213_pat_05_panel_bs-c.wav,203.33859938571507
section_04_source_train_normal_0214_pat_04_panel_bs-c.wav,203.95358623039454
section_04_source_train_normal_0215_pat_05_panel_bs-c.wav,222.28734211383474
section_04_source_train_normal_0216_pat_05_panel_open.wav,167.63103379719163
section_04_source_train_normal_0217_pat_05_panel_open.wav,222.80827427532586
section_04_source_train_normal_0218_pat_04_panel_open.wav,183.07032149868812
section_04_source_train_normal_0219_pat_05_panel_open.wav,179.1149788501492
section_04_source_train_normal_0220_pat_04_panel_bs-c.wav,237.62692585677132
section_04_source_train_normal_0221_pat_05_panel_open.wav,175.54754834654628
section_04_source_train_normal_0222_pat_05_panel_open.wav,228.04396801326413
section_04_source_train_normal_0223_pat_04_panel_bs-c.wav,206.6800279430635
section_04_source_train_normal_0224_pat_04_panel_open.wav,193.51079463303324
section_04_source_train_normal_0225_pat_05_panel_open.wav,229.30688222827328
section_04_source_train_normal_0226_pat_05_panel_open.wav,172.53516925986614
section_04_source_train_normal_0227_pat_05_panel_open.wav,179.75088476519028
section_04_source_train_normal_0228_pat_05_panel_open.wav,177.9592359128071
section_04_source_train_normal_0229_pat_04_panel_open.wav,251.6724717419783
section_04_source_train_normal_0230_pat_04_panel_open.wav,224.30100278007845
section_04_source_train_normal_0231_pat_05_panel_bs-c.wav,306.62944931100077
section_04_source_train_normal_0232_pat_04_panel_open.wav,196.89798756816796
section_04_source_train_normal_0233_pat_05_panel_bs-c.wav,189.8567176588913
section_04_source_train_normal_0234_pat_05_panel_bs-c.wav,203.00964930378126
section_04_source_train_normal_0235_pat_04_panel_bs-c.wav,211.02523044511383
section_04_source_train_normal_0236_pat_05_panel_bs-c.wav,226.94454684310557
section_04_source_train_normal_0237_pat_05_panel_bs-c.wav,196.0994236086354
section_04_source_train_normal_0238_pat_04_panel_open.wav,190.52718486708292
section_04_source_train_normal_0239_pat_05_panel_bs-c.wav,196.3808238010355
section_04_source_train_normal_0240_pat_05_panel_bs-c.wav,200.53059713492888
section_04_source_train_normal_0241_pat_05_panel_open.wav,225.0314701704779
section_04_source_train_normal_0242_pat_05_panel_open.wav,207.52965974448318
section_04_source_train_normal_0243_pat_04_panel_bs-c.wav,211.2649003531725
section_04_source_train_normal_0244_pat_05_panel_bs-c.wav,247.44383138309973
section_04_source_train_normal_0245_pat_05_panel_open.wav,176.35712966150183
section_04_source_train_normal_0246_pat_04_panel_open.wav,184.84244207189258
section_04_source_train_normal_0247_pat_05_panel_open.wav,167.21881403261918
section_04_source_train_normal_0248_pat_04_panel_open.wav,174.98911075382722
section_04_source_train_normal_0249_pat_05_panel_open.wav,244.61355205304667
section_04_source_train_normal_0250_pat_05_panel_open.wav,191.12405962476464
section_04_source_train_normal_0251_pat_04_panel_open.wav,180.44293959553764
section_04_source_train_normal_0252_pat_04_panel_open.wav,189.49548069012798
section_04_source_train_normal_0253_pat_05_panel_open.wav,193.2053145853437
section_04_source_train_normal_0254_pat_05_panel_open.wav,184.2934524884985
section_04_source_train_normal_0255_pat_05_panel_open.wav,178.15614693120094
section_04_source_train_normal_0256_pat_04_panel_open.wav,188.96604975230062
section_04_source_train_normal_0257_pat_04_panel_bs-c.wav,255.56293474800196
section_04_source_train_normal_0258_pat_05_panel_open.wav,184.59107671923104
section_04_source_train_normal_0259_pat_05_panel_bs-c.wav,211.3851207042764
section_04_source_train_normal_0260_pat_04_panel_open.wav,223.0374593948857
section_04_source_train_normal_0261_pat_05_panel_bs-c.wav,212.01319814902675
section_04_source_train_normal_0262_pat_04_panel_open.wav,229.7966458179138
section_04_source_train_normal_0263_pat_05_panel_open.wav,229.20791132496555
section_04_source_train_normal_0264_pat_05_panel_open.wav,225.32239191827207
section_04_source_train_normal_0265_pat_05_panel_open.wav,266.33552133758775
section_04_source_train_normal_0266_pat_04_panel_open.wav,210.66274793265137
section_04_source_train_normal_0267_pat_05_panel_open.wav,241.89117935290056
section_04_source_train_normal_0268_pat_05_panel_bs-c.wav,217.61775271457452
section_04_source_train_normal_0269_pat_04_panel_bs-c.wav,183.143035736396
section_04_source_train_normal_0270_pat_04_panel_bs-c.wav,197.87761255130664
section_04_source_train_normal_0271_pat_04_panel_bs-c.wav,228.78518264021912
section_04_source_train_normal_0272_pat_04_panel_open.wav,181.59011491360437
section_04_source_train_normal_0273_pat_05_panel_open.wav,229.16008056863367
section_04_source_train_normal_0274_pat_05_panel_open.wav,271.54434738625696
section_04_source_train_normal_0275_pat_05_panel_open.wav,244.1867767375554
section_04_source_train_normal_0276_pat_04_panel_open.wav,173.32760237739555
section_04_source_train_normal_0277_pat_04_panel_open.wav,259.6836299207115
section_04_source_train_normal_0278_pat_05_panel_bs-c.wav,191.8388520110292
section_04_source_train_normal_0279_pat_04_panel_open.wav,240.73503288076412
section_04_source_train_normal_0280_pat_04_panel_open.wav,199.27928252038222
section_04_source_train_normal_0281_pat_04_panel_open.wav,225.44806013218113
section_04_source_train_normal_0282_pat_04_panel_open.wav,307.8596008452151
section_04_source_train_normal_0283_pat_05_panel_open.wav,169.1204374648889
section_04_source_train_normal_0284_pat_05_panel_open.wav,226.98286784341616
section_04_source_train_normal_0285_pat_05_panel_bs-c.wav,274.4769831474089
section_04_source_train_normal_0286_pat_04_panel_open.wav,218.9978770183129
section_04_source_train_normal_0287_pat_05_panel_bs-c.wav,251.75110165295095
section_04_source_train_normal_0288_pat_05_panel_open.wav,204.91804558113972
section_04_source_train_normal_0289_pat_05_panel_open.wav,265.7497263258012
section_04_source_train_normal_0290_pat_05_panel_open.wav,183.65951251223285
section_04_source_train_normal_0291_pat_05_panel_bs-c.wav,194.7463425970794
section_04_source_train_normal_0292_pat_04_panel_bs-c.wav,183.87504190913583
section_04_source_train_normal_0293_pat_05_panel_open.wav,164.71236050743707
section_04_source_train_normal_0294_pat_05_panel_bs-c.wav,202.6788612826074
section_04_source_train_normal_0295_pat_04_panel_open.wav,195.82231018618708
section_04_source_train_normal_0296_pat_04_panel_open.wav,240.76263194513035
section_04_source_train_normal_0297_pat_04_panel_bs-c.wav,303.07728925128
section_04_source_train_normal_0298_pat_04_panel_bs-c.wav,236.02052815366352
section_04_source_train_normal_0299_pat_04_panel_open.wav,236.80903806485057
section_04_source_train_normal_0300_pat_04_panel_bs-c.wav,189.28038120205022
section_04_source_train_normal_0301_pat_05_panel_bs-c.wav,207.07042919812514
section_04_source_train_normal_0302_pat_04_panel_bs-c.wav,277.56309547471415
section_04_source_train_normal_0303_pat_05_panel_bs-c.wav,196.50102789101967
section_04_source_train_normal_0304_pat_04_panel_open.wav,178.63426621897486
section_04_source_train_normal_0305_pat_04_panel_bs-c.wav,198.30544043056284
section_04_source_train_normal_0306_pat_04_panel_bs-c.wav,209.46201654899008
section_04_source_train_normal_0307_pat_05_panel_open.wav,248.1604754293341
section_04_source_train_normal_0308_pat_04_panel_open.wav,288.2977934094838
section_04_source_train_normal_0309_pat_05_panel_bs-c.wav,194.83198041208652
section_04_source_train_normal_0310_pat_05_panel_bs-c.wav,236.0853077875666
section_04_source_train_normal_0311_pat_04_panel_open.wav,192.5587952664252
section_04_source_train_normal_0312_pat_05_panel_open.wav,218.01957666309727
section_04_source_train_normal_0313_pat_04_panel_open.wav,334.1695879903609
section_04_source_train_normal_0314_pat_05_panel_open.wav,172.34330759027466
section_04_source_train_normal_0315_pat_04_panel_open.wav,202.701194454141
section_04_source_train_normal_0316_pat_05_panel_open.wav,231.2950281035746
section_04_source_train_normal_0317_pat_04_panel_open.wav,235.48580575220967
section_04_source_train_normal_0318_pat_05_panel_bs-c.wav,211.82800179324295
section_04_source_train_normal_0319_pat_04_panel_open.wav,181.0497493941085
section_04_source_train_normal_0320_pat_05_panel_open.wav,199.9758778187481
section_04_source_train_normal_0321_pat_04_panel_bs-c.wav,191.95627948154942
section_04_source_train_normal_0322_pat_05_panel_open.wav,284.95390457969734
section_04_source_train_normal_0323_pat_04_panel_open.wav,219.52648714963001
section_04_source_train_normal_0324_pat_05_panel_open.wav,172.02782634215606
section_04_source_train_normal_0325_pat_05_panel_open.wav,241.44245836018877
section_04_source_train_normal_0326_pat_05_panel_bs-c.wav,200.68870315417894
section_04_source_train_normal_0327_pat_04_panel_open.wav,241.49081262889018
section_04_source_train_normal_0328_pat_04_panel_bs-c.wav,224.79310297545575
section_04_source_train_normal_0329_pat_04_panel_bs-c.wav,237.16734228545602
section_04_source_train_normal_0330_pat_04_panel_bs-c.wav,209.7534503440207
section_04_source_train_normal_0331_pat_05_panel_bs-c.wav,229.28390085201085
section_04_source_train_normal_0332_pat_04_panel_bs-c.wav,284.32256799428234
section_04_source_train_normal_0333_pat_05_panel_open.wav,202.22375170925048
section_04_source_train_normal_0334_pat_04_panel_open.wav,196.93772677354872
section_04_source_train_normal_0335_pat_04_panel_bs-c.wav,243.926722998212
section_04_source_train_normal_0336_pat_04_panel_bs-c.wav,235.76963047874102
section_04_source_train_normal_0337_pat_05_panel_bs-c.wav,250.68497595163672
section_04_source_train_normal_0338_pat_05_panel_bs-c.wav,189.65773344876413
section_04_source_train_normal_0339_pat_05_panel_open.wav,184.9326936693976
section_04_source_train_normal_0340_pat_04_panel_bs-c.wav,187.46472879298085
section_04_source_train_normal_0341_pat_05_panel_bs-c.wav,209.98589989047306
section_04_source_train_normal_0342_pat_04_panel_open.wav,228.20645531606922
section_04_source_train_normal_0343_pat_04_panel_open.wav,211.6268751327003
section_04_source_train_normal_0344_pat_05_panel_bs-c.wav,213.94778737818626
section_04_source_train_normal_0345_pat_05_panel_bs-c.wav,192.0559859312096
section_04_source_train_normal_0346_pat_05_panel_bs-c.wav,212.01627139979027
section_04_source_train_normal_0347_pat_04_panel_bs-c.wav,231.22160412382516
section_04_source_train_normal_0348_pat_04_panel_open.wav,255.22524104182108
section_04_source_train_normal_0349_pat_05_panel_open.wav,178.79298005918994
section_04_source_train_normal_0350_pat_05_panel_open.wav,192.32006828693562
section_04_source_train_normal_0351_pat_04_panel_bs-c.wav,199.33454411115557
section_04_source_train_normal_0352_pat_05_panel_open.wav,250.5865869451827
section_04_source_train_normal_0353_pat_05_panel_open.wav,190.14932857302063
section_04_source_train_normal_0354_pat_04_panel_open.wav,272.3068862824554
section_04_source_train_normal_0355_pat_04_panel_open.wav,193.2666250217284
section_04_source_train_normal_0356_pat_04_panel_open.wav,198.59071975504932
section_04_source_train_normal_0357_pat_04_panel_open.wav,197.30039884055682
section_04_source_train_normal_0358_pat_05_panel_bs-c.wav,220.51217974624566
section_04_source_train_normal_0359_pat_05_panel_open.wav,224.525517569652
section_04_source_train_normal_0360_pat_05_panel_open.wav,231.235182747681
section_04_source_train_normal_0361_pat_05_panel_open.wav,299.9811323558534
section_04_source_train_normal_0362_pat_04_panel_open.wav,214.2644584694932
section_04_source_train_normal_0363_pat_05_panel_bs-c.wav,203.52778808039332
section_04_source_train_normal_0364_pat_04_panel_bs-c.wav,182.2131166643389
section_04_source_train_normal_0365_pat_04_panel_bs-c.wav,240.74691622960853
section_04_source_train_normal_0366_pat_04_panel_open.wav,201.87970133922428
section_04_source_train_normal_0367_pat_05_panel_open.wav,192.73906881329364
section_04_source_train_normal_0368_pat_05_panel_bs-c.wav,190.94437838966832
section_04_source_train_normal_0369_pat_05_panel_open.wav,203.06184432601103
section_04_source_train_normal_0370_pat_05_panel_open.wav,230.31983612551852
section_04_source_train_normal_0371_pat_04_panel_open.wav,179.7209394931443
section_04_source_train_normal_0372_pat_04_panel_open.wav,253.3975244056692
section_04_source_train_normal_0373_pat_04_panel_open.wav,227.87298736278908
section_04_source_train_normal_0374_pat_05_panel_bs-c.wav,192.11270008421587
section_04_source_train_normal_0375_pat_05_panel_open.wav,179.64403083103286
section_04_source_train_normal_0376_pat_05_panel_bs-c.wav,194.52173722922282
section_04_source_train_normal_0377_pat_04_panel_bs-c.wav,181.15781239310877
section_04_source_train_normal_0378_pat_04_panel_bs-c.wav,198.7457786930823
section_04_source_train_normal_0379_pat_05_panel_bs-c.wav,214.11375456237533
section_04_source_train_normal_0380_pat_04_panel_bs-c.wav,219.8522399045009
section_04_source_train_normal_0381_pat_04_panel_open.wav,180.58701602495955
section_04_source_train_normal_0382_pat_04_panel_open.wav,254.4757057640824
section_04_source_train_normal_0383_pat_04_panel_bs-c.wav,225.0270547106566
section_04_source_train_normal_0384_pat_05_panel_bs-c.wav,357.9340109525128
section_04_source_train_normal_0385_pat_04_panel_bs-c.wav,203.46269410440107
section_04_source_train_normal_0386_pat_05_panel_open.wav,287.3632442722793
section_04_source_train_normal_0387_pat_04_panel_bs-c.wav,198.0550920738929
section_04_source_train_normal_0388_pat_04_panel_bs-c.wav,209.2608067190683
section_04_source_train_normal_0389_pat_04_panel_bs-c.wav,192.17076367394938
section_04_source_train_normal_0390_pat_04_panel_open.wav,194.0072299113592
section_04_source_train_normal_0391_pat_04_panel_open.wav,269.28541712302166
section_04_source_train_normal_0392_pat_04_panel_bs-c.wav,214.23340309150836
section_04_source_train_normal_0393_pat_05_panel_bs-c.wav,251.1705991483919
section_04_source_train_normal_0394_pat_05_panel_open.wav,201.20793337243975
section_04_source_train_normal_0395_pat_04_panel_open.wav,187.82398891685872
section_04_source_train_normal_0396_pat_05_panel_bs-c.wav,189.6225361627153
section_04_source_train_normal_0397_pat_05_panel_bs-c.wav,198.08845561919514
section_04_source_train_normal_0398_pat_05_panel_bs-c.wav,200.1215817620886
section_04_source_train_normal_0399_pat_04_panel_open.wav,267.65246069408784
section_04_source_train_normal_0400_pat_05_panel_bs-c.wav,204.27557503583247
section_04_source_train_normal_0401_pat_05_panel_open.wav,203.76176628032388
section_04_source_train_normal_0402_pat_04_panel_open.wav,219.8235612455778
section_04_source_train_normal_0403_pat_05_panel_open.wav,220.20522729479575
section_04_source_train_normal_0404_pat_05_panel_open.wav,194.52815049770595
section_04_source_train_normal_0405_pat_04_panel_bs-c.wav,239.16410446008064
section_04_source_train_normal_0406_pat_05_panel_bs-c.wav,200.96825773939645
section_04_source_train_normal_0407_pat_04_panel_open.wav,196.19663533219844
section_04_source_train_normal_0408_pat_04_panel_bs-c.wav,205.70972275650098
section_04_source_train_normal_0409_pat_05_panel_bs-c.wav,219.98970653464264
section_04_source_train_normal_0410_pat_05_panel_open.wav,176.17960669844163
section_04_source_train_normal_0411_pat_04_panel_bs-c.wav,197.49362717735252
section_04_source_train_normal_0412_pat_04_panel_bs-c.wav,191.07967257631395
section_04_source_train_normal_0413_pat_05_panel_open.wav,175.7920068929773
section_04_source_train_normal_0414_pat_05_panel_open.wav,192.38431270813462
section_04_source_train_normal_0415_pat_05_panel_bs-c.wav,224.16052109609706
section_04_source_train_normal_0416_pat_04_panel_bs-c.wav,224.43847033478573
section_04_source_train_normal_0417_pat_05_panel_open.wav,171.19456536541898
section_04_source_train_normal_0418_pat_04_panel_open.wav,201.91611188292794
section_04_source_train_normal_0419_pat_04_panel_open.wav,193.4678543323728
section_04_source_train_normal_0420_pat_04_panel_open.wav,177.42172526880321
section_04_source_train_normal_0421_pat_04_panel_open.wav,182.0738038406973
section_04_source_train_normal_0422_pat_04_panel_bs-c.wav,192.6227804924762
section_04_source_train_normal_0423_pat_04_panel_open.wav,235.08145275881242
section_04_source_train_normal_0424_pat_05_panel_bs-c.wav,205.16397150576728
section_04_source_train_normal_0425_pat_05_panel_bs-c.wav,204.4686331588192
section_04_source_train_normal_0426_pat_04_panel_open.wav,186.15016831964635
section_04_source_train_normal_0427_pat_04_panel_bs-c.wav,198.8335772934085
section_04_source_train_normal_0428_pat_04_panel_bs-c.wav,212.22736246510357
section_04_source_train_normal_0429_pat_05_panel_bs-c.wav,193.37092451062864
section_04_source_train_normal_0430_pat_05_panel_bs-c.wav,198.24158828056358
section_04_source_train_normal_0431_pat_04_panel_bs-c.wav,226.5931935178304
section_04_source_train_normal_0432_pat_04_panel_open.wav,268.7742943741831
section_04_source_train_normal_0433_pat_04_panel_bs-c.wav,209.8487268308462
section_04_source_train_normal_0434_pat_05_panel_open.wav,166.3774552965186
section_04_source_train_normal_0435_pat_04_panel_open.wav,297.01049869079435
section_04_source_train_normal_0436_pat_05_panel_bs-c.wav,194.1385173298158
section_04_source_train_normal_0437_pat_04_panel_open.wav,191.96280365168437
section_04_source_train_normal_0438_pat_04_panel_open.wav,241.28693795429322
section_04_source_train_normal_0439_pat_04_panel_open.wav,193.77755002247872
section_04_source_train_normal_0440_pat_04_panel_bs-c.wav,274.9256440980734
section_04_source_train_normal_0441_pat_05_panel_open.wav,232.44669021623477
section_04_source_train_normal_0442_pat_04_panel_bs-c.wav,232.45861865317198
section_04_source_train_normal_0443_pat_04_panel_open.wav,168.8118811684184
section_04_source_train_normal_0444_pat_04_panel_bs-c.wav,235.46161139561926
section_04_source_train_normal_0445_pat_04_panel_open.wav,225.96912399971697
section_04_source_train_normal_0446_pat_05_panel_bs-c.wav,214.76995039711898
section_04_source_train_normal_0447_pat_05_panel_open.wav,177.10818212079843
section_04_source_train_normal_0448_pat_04_panel_open.wav,263.09152294232035
section_04_source_train_normal_0449_pat_04_panel_bs-c.wav,230.90044617406627
section_04_source_train_normal_0450_pat_05_panel_open.wav,184.64387181877373
section_04_source_train_normal_0451_pat_04_panel_open.wav,235.80003696434756
section_04_source_train_normal_0452_pat_05_panel_bs-c.wav,221.14451362360901
section_04_source_train_normal_0453_pat_05_panel_open.wav,202.11740140556415
section_04_source_train_normal_0454_pat_05_panel_open.wav,251.05398200938393
section_04_source_train_normal_0455_pat_05_panel_bs-c.wav,193.20229372602677
section_04_source_train_normal_0456_pat_05_panel_open.wav,199.55450111653423
section_04_source_train_normal_0457_pat_04_panel_open.wav,287.8651559518256
section_04_source_train_normal_0458_pat_04_panel_bs-c.wav,256.75549281464635
section_04_source_train_normal_0459_pat_05_panel_open.wav,166.85083428203168
section_04_source_train_normal_0460_pat_05_panel_open.wav,169.4245524122882
section_04_source_train_normal_0461_pat_04_panel_bs-c.wav,188.09286401906894
section_04_source_train_normal_0462_pat_04_panel_open.wav,238.495730842349
section_04_source_train_normal_0463_pat_04_panel_bs-c.wav,222.1594802892696
section_04_source_train_normal_0464_pat_05_panel_open.wav,180.66010828790115
section_04_source_train_normal_0465_pat_04_panel_bs-c.wav,257.68830284771116
section_04_source_train_normal_0466_pat_05_panel_open.wav,243.41439827417958
section_04_source_train_normal_0467_pat_04_panel_open.wav,177.36599601968572
section_04_source_train_normal_0468_pat_05_panel_open.wav,212.2986702953356
section_04_source_train_normal_0469_pat_05_panel_open.wav,172.02213232085785
section_04_source_train_normal_0470_pat_05_panel_bs-c.wav,201.65887115123817
section_04_source_train_normal_0471_pat_05_panel_bs-c.wav,188.55102370739914
section_04_source_train_normal_0472_pat_05_panel_bs-c.wav,246.2483570784356
section_04_source_train_normal_0473_pat_05_panel_bs-c.wav,226.22973519474232
section_04_source_train_normal_0474_pat_04_panel_open.wav,185.21017347915782
section_04_source_train_normal_0475_pat_04_panel_bs-c.wav,191.95854499934552
section_04_source_train_normal_0476_pat_04_panel_open.wav,186.21045220645422
section_04_source_train_normal_0477_pat_04_panel_open.wav,203.62645013956333
section_04_source_train_normal_0478_pat_04_panel_bs-c.wav,214.2446717712049
section_04_source_train_normal_0479_pat_05_panel_bs-c.wav,216.09721850712089
section_04_source_train_normal_0480_pat_05_panel_bs-c.wav,253.03879747122
section_04_source_train_normal_0481_pat_05_panel_bs-c.wav,244.0955867821567
section_04_source_train_normal_0482_pat_04_panel_bs-c.wav,215.07186669499367
section_04_source_train_normal_0483_pat_05_panel_bs-c.wav,190.8650039572023
section_04_source_train_normal_0484_pat_04_panel_open.wav,224.8570982689678
section_04_source_train_normal_0485_pat_04_panel_bs-c.wav,194.3482454157517
section_04_source_train_normal_0486_pat_05_panel_bs-c.wav,201.24387951410742
section_04_source_train_normal_0487_pat_05_panel_open.wav,243.18312307259123
section_04_source_train_normal_0488_pat_05_panel_open.wav,180.78840846169268
section_04_source_train_normal_0489_pat_05_panel_open.wav,185.14837878856028
section_04_source_train_normal_0490_pat_05_panel_bs-c.wav,223.21370402459092
section_04_source_train_normal_0491_pat_04_panel_open.wav,190.00887354995024
section_04_source_train_normal_0492_pat_04_panel_open.wav,176.3275327240102
section_04_source_train_normal_0493_pat_05_panel_open.wav,193.56728375255034
section_04_source_train_normal_0494_pat_04_panel_bs-c.wav,215.9637833939805
section_04_source_train_normal_0495_pat_04_panel_open.wav,176.20271345552183
section_04_source_train_normal_0496_pat_05_panel_open.wav,249.64475812496775
section_04_source_train_normal_0497_pat_05_panel_open.wav,214.46211262906644
section_04_source_train_normal_0498_pat_05_panel_open.wav,285.0433001460862
section_04_source_train_normal_0499_pat_04_panel_bs-c.wav,204.97031320677323
section_04_source_train_normal_0500_pat_04_panel_open.wav,225.69362557020975
section_04_source_train_normal_0501_pat_04_panel_open.wav,169.31393534633688
section_04_source_train_normal_0502_pat_04_panel_bs-c.wav,203.01806995370973
section_04_source_train_normal_0503_pat_04_panel_bs-c.wav,310.6228417708522
section_04_source_train_normal_0504_pat_05_panel_open.wav,187.2238294391955
section_04_source_train_normal_0505_pat_04_panel_bs-c.wav,205.64777003966972
section_04_source_train_normal_0506_pat_05_panel_open.wav,278.2815204949667
section_04_source_train_normal_0507_pat_04_panel_bs-c.wav,231.4882437876422
section_04_source_train_normal_0508_pat_04_panel_open.wav,216.58817178967544
section_04_source_train_normal_0509_pat_05_panel_open.wav,203.28722371677708
section_04_source_train_normal_0510_pat_04_panel_bs-c.wav,230.37986393533748
section_04_source_train_normal_0511_pat_05_panel_bs-c.wav,192.87976587807955
section_04_source_train_normal_0512_pat_04_panel_bs-c.wav,241.25230445590503
section_04_source_train_normal_0513_pat_05_panel_open.wav,233.93873839970783
section_04_source_train_normal_0514_pat_04_panel_bs-c.wav,240.03661035417124
section_04_source_train_normal_0515_pat_05_panel_open.wav,187.82523888616996
section_04_source_train_normal_0516_pat_05_panel_open.wav,177.325640388284
section_04_source_train_normal_0517_pat_05_panel_bs-c.wav,208.92294679897878
section_04_source_train_normal_0518_pat_05_panel_open.wav,194.52322948355507
section_04_source_train_normal_0519_pat_05_panel_bs-c.wav,202.66288553281228
section_04_source_train_normal_0520_pat_04_panel_bs-c.wav,163.08152864604716
section_04_source_train_normal_0521_pat_04_panel_bs-c.wav,249.24432366304293
section_04_source_train_normal_0522_pat_05_panel_open.wav,219.6210108913889
section_04_source_train_normal_0523_pat_05_panel_open.wav,245.14677488711368
section_04_source_train_normal_0524_pat_05_panel_bs-c.wav,238.99874106936818
section_04_source_train_normal_0525_pat_04_panel_bs-c.wav,209.87533885339468
section_04_source_train_normal_0526_pat_04_panel_bs-c.wav,204.53381276878835
section_04_source_train_normal_0527_pat_04_panel_bs-c.wav,260.0824097732772
section_04_source_train_normal_0528_pat_05_panel_bs-c.wav,226.9277742073586
section_04_source_train_normal_0529_pat_05_panel_open.wav,224.01083953330289
section_04_source_train_normal_0530_pat_04_panel_open.wav,200.01079098227575
section_04_source_train_normal_0531_pat_05_panel_bs-c.wav,190.7859337171571
section_04_source_train_normal_0532_pat_04_panel_bs-c.wav,207.80636812016928
section_04_source_train_normal_0533_pat_05_panel_open.wav,260.430222249556
section_04_source_train_normal_0534_pat_05_panel_bs-c.wav,211.82224152392084
section_04_source_train_normal_0535_pat_05_panel_bs-c.wav,197.0688184125383
section_04_source_train_normal_0536_pat_04_panel_open.wav,161.12934342458783
section_04_source_train_normal_0537_pat_05_panel_bs-c.wav,221.8982358520415
section_04_source_train_normal_0538_pat_04_panel_open.wav,299.78028302714824
section_04_source_train_normal_0539_pat_05_panel_bs-c.wav,232.6581454518162
section_04_source_train_normal_0540_pat_04_panel_open.wav,197.63243183124197
section_04_source_train_normal_0541_pat_04_panel_bs-c.wav,207.97957253867634
section_04_source_train_normal_0542_pat_05_panel_bs-c.wav,223.84214843940651
section_04_source_train_normal_0543_pat_05_panel_open.wav,190.50970920837986
section_04_source_train_normal_0544_pat_05_panel_open.wav,175.7879318824457
section_04_source_train_normal_0545_pat_05_panel_open.wav,218.6215541145174
section_04_source_train_normal_0546_pat_05_panel_bs-c.wav,198.55099028538524
section_04_source_train_normal_0547_pat_05_panel_open.wav,253.96952458883698
section_04_source_train_normal_0548_pat_04_panel_bs-c.wav,176.1711697415053
section_04_source_train_normal_0549_pat_05_panel_bs-c.wav,198.64363392624747
section_04_source_train_normal_0550_pat_05_panel_bs-c.wav,211.72876518063114
section_04_source_train_normal_0551_pat_05_panel_bs-c.wav,190.3690091705421
section_04_source_train_normal_0552_pat_04_panel_open.wav,185.33809409943487
section_04_source_train_normal_0553_pat_05_panel_bs-c.wav,188.26432080166128
section_04_source_train_normal_0554_pat_05_panel_bs-c.wav,198.55888854425723
section_04_source_train_normal_0555_pat_04_panel_open.wav,241.81534457948803
section_04_source_train_normal_0556_pat_05_panel_bs-c.wav,208.17028605448593
section_04_source_train_normal_0557_pat_05_panel_bs-c.wav,199.2500824862051
section_04_source_train_normal_0558_pat_04_panel_bs-c.wav,175.20540066123874
section_04_source_train_normal_0559_pat_04_panel_bs-c.wav,196.30047941881992
section_04_source_train_normal_0560_pat_04_panel_open.wav,244.75116092057942
section_04_source_train_normal_0561_pat_05_panel_open.wav,170.15255323161534
section_04_source_train_normal_0562_pat_05_panel_open.wav,180.93283735282998
section_04_source_train_normal_0563_pat_05_panel_bs-c.wav,197.45963077009316
section_04_source_train_normal_0564_pat_04_panel_bs-c.wav,208.24356371138936
section_04_source_train_normal_0565_pat_04_panel_open.wav,283.35586824447427
section_04_source_train_normal_0566_pat_05_panel_bs-c.wav,239.48091926363236
section_04_source_train_normal_0567_pat_04_panel_open.wav,183.8564809210907
section_04_source_train_normal_0568_pat_05_panel_bs-c.wav,193.2913236062073
section_04_source_train_normal_0569_pat_05_panel_bs-c.wav,245.60750282282157
section_04_source_train_normal_0570_pat_05_panel_bs-c.wav,193.95277514200333
section_04_source_train_normal_0571_pat_04_panel_open.wav,263.49048613427635
section_04_source_train_normal_0572_pat_05_panel_open.wav,251.60366406429995
section_04_source_train_normal_0573_pat_04_panel_open.wav,271.0469896052363
section_04_source_train_normal_0574_pat_04_panel_bs-c.wav,208.34181279842434
section_04_source_train_normal_0575_pat_05_panel_open.wav,161.96298761252373
section_04_source_train_normal_0576_pat_05_panel_open.wav,180.18910128003296
section_04_source_train_normal_0577_pat_04_panel_bs-c.wav,196.3195719306801
section_04_source_train_normal_0578_pat_05_panel_open.wav,189.18460381567036
section_04_source_train_normal_0579_pat_05_panel_bs-c.wav,185.7351773053213
section_04_source_train_normal_0580_pat_05_panel_open.wav,179.19217750514264
section_04_source_train_normal_0581_pat_04_panel_open.wav,209.54270089083641
section_04_source_train_normal_0582_pat_05_panel_open.wav,233.91316259726727
section_04_source_train_normal_0583_pat_05_panel_open.wav,168.55632097066913
section_04_source_train_normal_0584_pat_04_panel_open.wav,195.39005370476494
section_04_source_train_normal_0585_pat_05_panel_bs-c.wav,196.83719127270518
section_04_source_train_normal_0586_pat_05_panel_open.wav,176.1790007252265
section_04_source_train_normal_0587_pat_04_panel_open.wav,215.6268527518732
section_04_source_train_normal_0588_pat_05_panel_bs-c.wav,202.3352743474083
section_04_source_train_normal_0589_pat_05_panel_bs-c.wav,206.70492143234725
section_04_source_train_normal_0590_pat_04_panel_open.wav,190.79761712891508
section_04_source_train_normal_0591_pat_04_panel_open.wav,178.74848431397396
section_04_source_train_normal_0592_pat_05_panel_open.wav,200.22607543901836
section_04_source_train_normal_0593_pat_04_panel_bs-c.wav,183.16592966230323
section_04_source_train_normal_0594_pat_04_panel_open.wav,245.9664282439022
section_04_source_train_normal_0595_pat_05_panel_bs-c.wav,205.29301189265203
section_04_source_train_normal_0596_pat_04_panel_bs-c.wav,184.5596982775759
section_04_source_train_normal_0597_pat_04_panel_bs-c.wav,177.47333001410362
section_04_source_train_normal_0598_pat_04_panel_open.wav,215.33370976026447
section_04_source_train_normal_0599_pat_05_panel_bs-c.wav,277.0310552089071
section_04_source_train_normal_0600_pat_05_panel_bs-c.wav,198.953389108752
section_04_source_train_normal_0601_pat_04_panel_open.wav,183.27346211761224
section_04_source_train_normal_0602_pat_04_panel_open.wav,227.93784226698074
section_04_source_train_normal_0603_pat_04_panel_open.wav,183.6276562486038
section_04_source_train_normal_0604_pat_04_panel_bs-c.wav,225.49390870428374
section_04_source_train_normal_0605_pat_04_panel_open.wav,178.48587844111674
section_04_source_train_normal_0606_pat_05_panel_bs-c.wav,210.56238830735253
section_04_source_train_normal_0607_pat_05_panel_open.wav,192.06047634336224
section_04_source_train_normal_0608_pat_05_panel_open.wav,268.1789705467962
section_04_source_train_normal_0609_pat_05_panel_open.wav,194.2503958252032
section_04_source_train_normal_0610_pat_05_panel_bs-c.wav,218.9625089706825
section_04_source_train_normal_0611_pat_05_panel_bs-c.wav,253.35161476303907
section_04_source_train_normal_0612_pat_05_panel_open.wav,182.0266789886766
section_04_source_train_normal_0613_pat_05_panel_open.wav,223.34719480890246
section_04_source_train_normal_0614_pat_05_panel_open.wav,221.07993575489974
section_04_source_train_normal_0615_pat_05_panel_open.wav,200.45743228177415
section_04_source_train_normal_0616_pat_05_panel_bs-c.wav,190.5722630358952
section_04_source_train_normal_0617_pat_04_panel_open.wav,219.7411377579843
section_04_source_train_normal_0618_pat_05_panel_bs-c.wav,197.92955373249941
section_04_source_train_normal_0619_pat_04_panel_bs-c.wav,234.7486374307548
section_04_source_train_normal_0620_pat_05_panel_open.wav,179.1945044468358
section_04_source_train_normal_0621_pat_05_panel_bs-c.wav,195.1048201545315
section_04_source_train_normal_0622_pat_04_panel_bs-c.wav,206.60186453905595
section_04_source_train_normal_0623_pat_05_panel_bs-c.wav,280.92521300487505
section_04_source_train_normal_0624_pat_05_panel_bs-c.wav,188.98593557448964
section_04_source_train_normal_0625_pat_04_panel_bs-c.wav,182.49456963393266
section_04_source_train_normal_0626_pat_04_panel_bs-c.wav,203.06778966931347
section_04_source_train_normal_0627_pat_04_panel_open.wav,287.39221268926445
section_04_source_train_normal_0628_pat_05_panel_bs-c.wav,229.29423883995256
section_04_source_train_normal_0629_pat_04_panel_bs-c.wav,193.139730273631
section_04_source_train_normal_0630_pat_04_panel_open.wav,218.83430487741288
section_04_source_train_normal_0631_pat_05_panel_open.wav,174.93929061168146
section_04_source_train_normal_0632_pat_05_panel_open.wav,209.44949529083084
section_04_source_train_normal_0633_pat_05_panel_open.wav,170.99759306803898
section_04_source_train_normal_0634_pat_05_panel_bs-c.wav,203.95305102442322
section_04_source_train_normal_0635_pat_04_panel_open.wav,265.17218373338875
section_04_source_train_normal_0636_pat_04_panel_open.wav,179.02392668292305
section_04_source_train_normal_0637_pat_04_panel_bs-c.wav,253.12773248668395
section_04_source_train_normal_0638_pat_05_panel_open.wav,257.3447388555515
section_04_source_train_normal_0639_pat_05_panel_open.wav,168.9594499972712
section_04_source_train_normal_0640_pat_04_panel_open.wav,250.134664308403
section_04_source_train_normal_0641_pat_04_panel_bs-c.wav,253.61624051427773
section_04_source_train_normal_0642_pat_05_panel_open.wav,211.87988364599192
section_04_source_train_normal_0643_pat_05_panel_open.wav,211.18030798990307
section_04_source_train_normal_0644_pat_04_panel_bs-c.wav,218.8536107160187
section_04_source_train_normal_0645_pat_05_panel_bs-c.wav,191.41853776329188
section_04_source_train_normal_0646_pat_04_panel_open.wav,264.06169651661713
section_04_source_train_normal_0647_pat_04_panel_bs-c.wav,193.75444655201642
section_04_source_train_normal_0648_pat_05_panel_bs-c.wav,210.36646474389067
section_04_source_train_normal_0649_pat_04_panel_bs-c.wav,228.676014790064
section_04_source_train_normal_0650_pat_05_panel_bs-c.wav,213.3761218364363
section_04_source_train_normal_0651_pat_04_panel_open.wav,206.86331335019256
section_04_source_train_normal_0652_pat_04_panel_bs-c.wav,219.31027636543362
section_04_source_train_normal_0653_pat_04_panel_open.wav,236.0825492049867
section_04_source_train_normal_0654_pat_05_panel_open.wav,288.1269596732098
section_04_source_train_normal_0655_pat_04_panel_bs-c.wav,254.9019594546337
section_04_source_train_normal_0656_pat_05_panel_bs-c.wav,192.75523843133274
section_04_source_train_normal_0657_pat_04_panel_open.wav,301.76448583988815
section_04_source_train_normal_0658_pat_05_panel_bs-c.wav,187.38647288246574
section_04_source_train_normal_0659_pat_04_panel_open.wav,224.02076259031222
section_04_source_train_normal_0660_pat_05_panel_bs-c.wav,207.121926802649
section_04_source_train_normal_0661_pat_04_panel_open.wav,171.77587979797173
section_04_source_train_normal_0662_pat_04_panel_open.wav,189.5833101552411
section_04_source_train_normal_0663_pat_05_panel_open.wav,175.38122199581878
section_04_source_train_normal_0664_pat_05_panel_bs-c.wav,193.33111463912104
section_04_source_train_normal_0665_pat_04_panel_open.wav,206.59333825792626
section_04_source_train_normal_0666_pat_05_panel_open.wav,209.88477151883072
section_04_source_train_normal_0667_pat_05_panel_bs-c.wav,269.9258428498763
section_04_source_train_normal_0668_pat_05_panel_bs-c.wav,206.87453918499605
section_04_source_train_normal_0669_pat_04_panel_bs-c.wav,201.83313747474924
section_04_source_train_normal_0670_pat_05_panel_open.wav,240.73668275476714
section_04_source_train_normal_0671_pat_05_panel_open.wav,175.50223636200164
section_04_source_train_normal_0672_pat_04_panel_bs-c.wav,183.94998363990285
section_04_source_train_normal_0673_pat_05_panel_bs-c.wav,190.5029882881198
section_04_source_train_normal_0674_pat_05_panel_open.wav,186.27070085636439
section_04_source_train_normal_0675_pat_05_panel_bs-c.wav,240.07211014917456
section_04_source_train_normal_0676_pat_04_panel_bs-c.wav,188.98940292230594
section_04_source_train_normal_0677_pat_04_panel_bs-c.wav,214.06957924902696
section_04_source_train_normal_0678_pat_05_panel_open.wav,191.14150860346788
section_04_source_train_normal_0679_pat_04_panel_open.wav,184.77219956730596
section_04_source_train_normal_0680_pat_04_panel_bs-c.wav,206.42317863008094
section_04_source_train_normal_0681_pat_04_panel_bs-c.wav,232.50907977479184
section_04_source_train_normal_0682_pat_05_panel_bs-c.wav,209.90019446886532
section_04_source_train_normal_0683_pat_04_panel_open.wav,181.95775421281843
section_04_source_train_normal_0684_pat_05_panel_bs-c.wav,227.60135156454038
section_04_source_train_normal_0685_pat_04_panel_bs-c.wav,192.56633168261718
section_04_source_train_normal_0686_pat_04_panel_open.wav,176.8729261483235
section_04_source_train_normal_0687_pat_04_panel_bs-c.wav,188.37418336378923
section_04_source_train_normal_0688_pat_05_panel_open.wav,184.36399377272207
section_04_source_train_normal_0689_pat_05_panel_bs-c.wav,198.79873276182337
section_04_source_train_normal_0690_pat_04_panel_open.wav,172.83992343506995
section_04_source_train_normal_0691_pat_05_panel_open.wav,229.31409166156962
section_04_source_train_normal_0692_pat_04_panel_open.wav,232.84297177805507
section_04_source_train_normal_0693_pat_04_panel_open.wav,195.45098664412973
section_04_source_train_normal_0694_pat_04_panel_open.wav,235.29860773944606
section_04_source_train_normal_0695_pat_05_panel_open.wav,178.33860014536214
section_04_source_train_normal_0696_pat_05_panel_bs-c.wav,196.33784095487255
section_04_source_train_normal_0697_pat_05_panel_open.wav,226.9926928917197
section_04_source_train_normal_0698_pat_05_panel_bs-c.wav,190.8470194225447
section_04_source_train_normal_0699_pat_05_panel_open.wav,206.58541282178547
section_04_source_train_normal_0700_pat_04_panel_bs-c.wav,222.59678234750575
section_04_source_train_normal_0701_pat_04_panel_open.wav,236.86605218460508
section_04_source_train_normal_0702_pat_04_panel_open.wav,261.9521269420878
section_04_source_train_normal_0703_pat_05_panel_open.wav,221.75602191048472
section_04_source_train_normal_0704_pat_04_panel_bs-c.wav,245.66968885282435
section_04_source_train_normal_0705_pat_04_panel_open.wav,236.44915529737096
section_04_source_train_normal_0706_pat_04_panel_bs-c.wav,304.3153442782713
section_04_source_train_normal_0707_pat_05_panel_bs-c.wav,217.5879709775746
section_04_source_train_normal_0708_pat_05_panel_bs-c.wav,188.49805423762288
section_04_source_train_normal_0709_pat_05_panel_open.wav,221.2417408714877
section_04_source_train_normal_0710_pat_04_panel_open.wav,230.9649629286407
section_04_source_train_normal_0711_pat_05_panel_open.wav,195.80999306342315
section_04_source_train_normal_0712_pat_05_panel_bs-c.wav,219.07474456039813
section_04_source_train_normal_0713_pat_05_panel_bs-c.wav,246.05833076004737
section_04_source_train_normal_0714_pat_05_panel_bs-c.wav,214.6668950268736
section_04_source_train_normal_0715_pat_05_panel_bs-c.wav,277.88828835775945
section_04_source_train_normal_0716_pat_05_panel_open.wav,223.76068274904887
section_04_source_train_normal_0717_pat_04_panel_open.wav,269.90747013913347
section_04_source_train_normal_0718_pat_04_panel_bs-c.wav,265.38435857734794
section_04_source_train_normal_0719_pat_04_panel_open.wav,213.15328434351935
section_04_source_train_normal_0720_pat_04_panel_bs-c.wav,200.42425291759014
section_04_source_train_normal_0721_pat_04_panel_bs-c.wav,233.4600897483056
section_04_source_train_normal_0722_pat_05_panel_bs-c.wav,205.19645123681624
section_04_source_train_normal_0723_pat_05_panel_open.wav,173.37598955263186
section_04_source_train_normal_0724_pat_04_panel_bs-c.wav,194.90022316451893
section_04_source_train_normal_0725_pat_05_panel_bs-c.wav,213.19404992322734
section_04_source_train_normal_0726_pat_04_panel_bs-c.wav,210.17429717855487
section_04_source_train_normal_0727_pat_05_panel_open.wav,203.97592249886395
section_04_source_train_normal_0728_pat_05_panel_open.wav,190.58921913909822
section_04_source_train_normal_0729_pat_05_panel_open.wav,176.68378897336362
section_04_source_train_normal_0730_pat_05_panel_open.wav,192.03483663521584
section_04_source_train_normal_0731_pat_05_panel_bs-c.wav,229.47738683579695
section_04_source_train_normal_0732_pat_04_panel_bs-c.wav,204.3633004229688
section_04_source_train_normal_0733_pat_04_panel_bs-c.wav,191.45040976280242
section_04_source_train_normal_0734_pat_04_panel_bs-c.wav,246.59432877315427
section_04_source_train_normal_0735_pat_05_panel_open.wav,187.07277289302206
section_04_source_train_normal_0736_pat_04_panel_bs-c.wav,206.74721630839161
section_04_source_train_normal_0737_pat_05_panel_open.wav,247.38768874503054
section_04_source_train_normal_0738_pat_05_panel_bs-c.wav,219.3406907641624
section_04_source_train_normal_0739_pat_04_panel_open.wav,213.66135842234345
section_04_source_train_normal_0740_pat_05_panel_open.wav,182.53702707000824
section_04_source_train_normal_0741_pat_05_panel_open.wav,221.77480704922687
section_04_source_train_normal_0742_pat_04_panel_bs-c.wav,190.97700620316402
section_04_source_train_normal_0743_pat_05_panel_bs-c.wav,197.3516066326693
section_04_source_train_normal_0744_pat_05_panel_bs-c.wav,227.2924245534176
section_04_source_train_normal_0745_pat_05_panel_open.wav,173.7077432084464
section_04_source_train_normal_0746_pat_05_panel_bs-c.wav,198.0691055932457
section_04_source_train_normal_0747_pat_04_panel_bs-c.wav,231.94718229360183
section_04_source_train_normal_0748_pat_05_panel_bs-c.wav,201.63395069085553
section_04_source_train_normal_0749_pat_05_panel_open.wav,203.66819875565696
section_04_source_train_normal_0750_pat_04_panel_bs-c.wav,254.03974196262155
section_04_source_train_normal_0751_pat_05_panel_bs-c.wav,196.54864748964792
section_04_source_train_normal_0752_pat_05_panel_bs-c.wav,196.36119787307558
section_04_source_train_normal_0753_pat_05_panel_bs-c.wav,202.3308910839838
section_04_source_train_normal_0754_pat_05_panel_open.wav,226.1982675180482
section_04_source_train_normal_0755_pat_04_panel_bs-c.wav,198.35858252536235
section_04_source_train_normal_0756_pat_05_panel_bs-c.wav,196.20363312884658
section_04_source_train_normal_0757_pat_05_panel_open.wav,214.93629879824599
section_04_source_train_normal_0758_pat_05_panel_open.wav,228.44477536082954
section_04_source_train_normal_0759_pat_04_panel_bs-c.wav,238.9277314378407
section_04_source_train_normal_0760_pat_04_panel_bs-c.wav,227.727905173048
section_04_source_train_normal_0761_pat_04_panel_open.wav,176.0459954857934
section_04_source_train_normal_0762_pat_04_panel_bs-c.wav,208.47989657640755
section_04_source_train_normal_0763_pat_05_panel_open.wav,180.65479790045126
section_04_source_train_normal_0764_pat_04_panel_bs-c.wav,200.99796887033705
section_04_source_train_normal_0765_pat_04_panel_bs-c.wav,215.6632597639857
section_04_source_train_normal_0766_pat_04_panel_open.wav,233.95753681368853
section_04_source_train_normal_0767_pat_04_panel_open.wav,210.73564049450252
section_04_source_train_normal_0768_pat_05_panel_bs-c.wav,217.84500857334706
section_04_source_train_normal_0769_pat_04_panel_open.wav,215.0192046201626
section_04_source_train_normal_0770_pat_05_panel_open.wav,198.02878506138174
section_04_source_train_normal_0771_pat_04_panel_open.wav,246.53535215101684
section_04_source_train_normal_0772_pat_05_panel_open.wav,181.7301939828073
section_04_source_train_normal_0773_pat_04_panel_bs-c.wav,235.1179471392143
section_04_source_train_normal_0774_pat_04_panel_bs-c.wav,206.36661225090165
section_04_source_train_normal_0775_pat_04_panel_open.wav,190.01251281766636
section_04_source_train_normal_0776_pat_04_panel_bs-c.wav,181.6455246138237
section_04_source_train_normal_0777_pat_04_panel_open.wav,264.2396378323072
section_04_source_train_normal_0778_pat_05_panel_bs-c.wav,223.50942472287704
section_04_source_train_normal_0779_pat_05_panel_bs-c.wav,211.6490205043016
section_04_source_train_normal_0780_pat_05_panel_open.wav,249.6071190104263
section_04_source_train_normal_0781_pat_04_panel_open.wav,232.248231057696
section_04_source_train_normal_0782_pat_05_panel_open.wav,191.5302093782806
section_04_source_train_normal_0783_pat_04_panel_open.wav,190.0187800242126
section_04_source_train_normal_0784_pat_05_panel_open.wav,192.88331229305325
section_04_source_train_normal_0785_pat_05_panel_open.wav,248.33193510905625
section_04_source_train_normal_0786_pat_05_panel_bs-c.wav,233.51835502504002
section_04_source_train_normal_0787_pat_05_panel_bs-c.wav,230.80843938968448
section_04_source_train_normal_0788_pat_05_panel_bs-c.wav,211.30704723024445
section_04_source_train_normal_0789_pat_05_panel_bs-c.wav,188.2941594714773
section_04_source_train_normal_0790_pat_04_panel_bs-c.wav,189.44641063744243
section_04_source_train_normal_0791_pat_04_panel_bs-c.wav,210.92915823192243
section_04_source_train_normal_0792_pat_04_panel_open.wav,174.9586652769833
section_04_source_train_normal_0793_pat_05_panel_open.wav,194.3917663724225
section_04_source_train_normal_0794_pat_05_panel_open.wav,262.3949681641074
section_04_source_train_normal_0795_pat_04_panel_bs-c.wav,203.55116345712074
section_04_source_train_normal_0796_pat_04_panel_open.wav,194.91065361579584
section_04_source_train_normal_0797_pat_05_panel_bs-c.wav,198.45473077487128
section_04_source_train_normal_0798_pat_05_panel_bs-c.wav,190.0193351884438
section_04_source_train_normal_0799_pat_05_panel_open.wav,172.0335182754005
section_04_source_train_normal_0800_pat_04_panel_bs-c.wav,200.53946684028347
section_04_source_train_normal_0801_pat_04_panel_open.wav,202.99680570843176
section_04_source_train_normal_0802_pat_05_panel_bs-c.wav,186.64274415130092
section_04_source_train_normal_0803_pat_05_panel_bs-c.wav,307.6051207155407
section_04_source_train_normal_0804_pat_05_panel_bs-c.wav,193.7698512953055
section_04_source_train_normal_0805_pat_04_panel_bs-c.wav,240.3493926833284
section_04_source_train_normal_0806_pat_04_panel_open.wav,193.24292378184956
section_04_source_train_normal_0807_pat_05_panel_open.wav,161.21684749494995
section_04_source_train_normal_0808_pat_04_panel_bs-c.wav,212.95969101661686
section_04_source_train_normal_0809_pat_04_panel_bs-c.wav,237.0274256211713
section_04_source_train_normal_0810_pat_04_panel_bs-c.wav,214.84287040325046
section_04_source_train_normal_0811_pat_04_panel_open.wav,216.14264555676215
section_04_source_train_normal_0812_pat_04_panel_open.wav,188.2012241812133
section_04_source_train_normal_0813_pat_04_panel_bs-c.wav,190.9094058572616
section_04_source_train_normal_0814_pat_05_panel_open.wav,209.0824747377841
section_04_source_train_normal_0815_pat_05_panel_open.wav,174.38933437620446
section_04_source_train_normal_0816_pat_05_panel_bs-c.wav,189.1463515967252
section_04_source_train_normal_0817_pat_05_panel_bs-c.wav,185.973548413329
section_04_source_train_normal_0818_pat_04_panel_open.wav,186.37146186350594
section_04_source_train_normal_0819_pat_05_panel_bs-c.wav,252.5437864018151
section_04_source_train_normal_0820_pat_04_panel_open.wav,229.8135877657506
section_04_source_train_normal_0821_pat_04_panel_open.wav,218.26405804312324
section_04_source_train_normal_0822_pat_05_panel_open.wav,240.53560299549733
section_04_source_train_normal_0823_pat_04_panel_bs-c.wav,191.1345470871431
section_04_source_train_normal_0824_pat_05_panel_bs-c.wav,203.51062152579243
section_04_source_train_normal_0825_pat_05_panel_open.wav,214.82302885556442
section_04_source_train_normal_0826_pat_05_panel_bs-c.wav,224.454683073668
section_04_source_train_normal_0827_pat_04_panel_open.wav,334.07250403028263
section_04_source_train_normal_0828_pat_05_panel_open.wav,209.80996317927125
section_04_source_train_normal_0829_pat_05_panel_bs-c.wav,209.54747553721154
section_04_source_train_normal_0830_pat_05_panel_bs-c.wav,189.45027842505868
section_04_source_train_normal_0831_pat_05_panel_bs-c.wav,232.46998132332686
section_04_source_train_normal_0832_pat_04_panel_bs-c.wav,201.49156814595443
section_04_source_train_normal_0833_pat_04_panel_bs-c.wav,240.33178654988396
section_04_source_train_normal_0834_pat_05_panel_bs-c.wav,190.983935060566
section_04_source_train_normal_0835_pat_05_panel_bs-c.wav,294.81686223718157
section_04_source_train_normal_0836_pat_05_panel_bs-c.wav,209.97961982511387
section_04_source_train_normal_0837_pat_04_panel_bs-c.wav,235.71293149466388
section_04_source_train_normal_0838_pat_04_panel_open.wav,172.17114763273455
section_04_source_train_normal_0839_pat_04_panel_open.wav,192.348707864121
section_04_source_train_normal_0840_pat_05_panel_open.wav,202.85704567904952
section_04_source_train_normal_0841_pat_04_panel_bs-c.wav,170.12562575285594
section_04_source_train_normal_0842_pat_05_panel_bs-c.wav,197.00309701367388
section_04_source_train_normal_0843_pat_04_panel_bs-c.wav,189.1899569104059
section_04_source_train_normal_0844_pat_05_panel_open.wav,159.620684351913
section_04_source_train_normal_0845_pat_04_panel_open.wav,171.4613460246745
section_04_source_train_normal_0846_pat_05_panel_open.wav,184.37392252245522
section_04_source_train_normal_0847_pat_05_panel_bs-c.wav,192.74809001907067
section_04_source_train_normal_0848_pat_04_panel_bs-c.wav,201.26409285026128
section_04_source_train_normal_0849_pat_05_panel_open.wav,241.86625388656012
section_04_source_train_normal_0850_pat_05_panel_open.wav,226.6812896345682
section_04_source_train_normal_0851_pat_05_panel_bs-c.wav,199.3840586039631
section_04_source_train_normal_0852_pat_04_panel_bs-c.wav,282.1837280310654
section_04_source_train_normal_0853_pat_04_panel_bs-c.wav,210.53478153128393
section_04_source_train_normal_0854_pat_04_panel_open.wav,197.34958267645163
section_04_source_train_normal_0855_pat_04_panel_open.wav,198.38046933237274
section_04_source_train_normal_0856_pat_04_panel_bs-c.wav,216.8641263683899
section_04_source_train_normal_0857_pat_04_panel_open.wav,233.46174669230916
section_04_source_train_normal_0858_pat_04_panel_bs-c.wav,174.76023387269774
section_04_source_train_normal_0859_pat_04_panel_bs-c.wav,187.3259691002454
section_04_source_train_normal_0860_pat_05_panel_open.wav,184.55783431322422
section_04_source_train_normal_0861_pat_04_panel_bs-c.wav,200.95761016003163
section_04_source_train_normal_0862_pat_04_panel_bs-c.wav,203.7632478806026
section_04_source_train_normal_0863_pat_04_panel_bs-c.wav,222.82588854292763
section_04_source_train_normal_0864_pat_04_panel_open.wav,192.15540955647046
section_04_source_train_normal_0865_pat_04_panel_bs-c.wav,207.72509181506524
section_04_source_train_normal_0866_pat_04_panel_open.wav,205.52055360540353
section_04_source_train_normal_0867_pat_05_panel_bs-c.wav,197.06138979310927
section_04_source_train_normal_0868_pat_05_panel_open.wav,211.1961424663788
section_04_source_train_normal_0869_pat_05_panel_open.wav,261.04793406898114
section_04_source_train_normal_0870_pat_04_panel_bs-c.wav,219.487134885594
section_04_source_train_normal_0871_pat_05_panel_open.wav,174.37676614207774
section_04_source_train_normal_0872_pat_05_panel_open.wav,179.8309699554518
section_04_source_train_normal_0873_pat_04_panel_open.wav,211.25814937047033
section_04_source_train_normal_0874_pat_04_panel_open.wav,221.7301880874475
section_04_source_train_normal_0875_pat_04_panel_bs-c.wav,221.03594254088728
section_04_source_train_normal_0876_pat_04_panel_open.wav,183.29502793144877
section_04_source_train_normal_0877_pat_05_panel_bs-c.wav,228.4388689672592
section_04_source_train_normal_0878_pat_05_panel_open.wav,164.9821619317596
section_04_source_train_normal_0879_pat_05_panel_bs-c.wav,207.09107451589102
section_04_source_train_normal_0880_pat_04_panel_open.wav,177.49924394708864
section_04_source_train_normal_0881_pat_04_panel_bs-c.wav,170.28625067282297
section_04_source_train_normal_0882_pat_04_panel_open.wav,206.9416580301496
section_04_source_train_normal_0883_pat_04_panel_open.wav,235.7695800220576
section_04_source_train_normal_0884_pat_04_panel_bs-c.wav,287.1739124567935
section_04_source_train_normal_0885_pat_05_panel_bs-c.wav,241.6274328214892
section_04_source_train_normal_0886_pat_05_panel_open.wav,237.01801643723027
section_04_source_train_normal_0887_pat_04_panel_bs-c.wav,177.64235185766987
section_04_source_train_normal_0888_pat_04_panel_open.wav,185.5265450322997
section_04_source_train_normal_0889_pat_05_panel_open.wav,199.3311710519885
section_04_source_train_normal_0890_pat_04_panel_bs-c.wav,223.8219439899221
section_04_source_train_normal_0891_pat_04_panel_open.wav,236.5428214276326
section_04_source_train_normal_0892_pat_05_panel_bs-c.wav,203.7185697189978
section_04_source_train_normal_0893_pat_05_panel_open.wav,184.37092862031793
section_04_source_train_normal_0894_pat_05_panel_open.wav,186.03796114206298
section_04_source_train_normal_0895_pat_05_panel_open.wav,189.7171155185858
section_04_source_train_normal_0896_pat_04_panel_bs-c.wav,182.74208590506646
section_04_source_train_normal_0897_pat_04_panel_bs-c.wav,181.92734603178434
section_04_source_train_normal_0898_pat_04_panel_open.wav,234.90151285223857
section_04_source_train_normal_0899_pat_05_panel_open.wav,263.08319384379575
section_04_source_train_normal_0900_pat_04_panel_bs-c.wav,200.01587635280143
section_04_source_train_normal_0901_pat_04_panel_open.wav,250.5389583183828
section_04_source_train_normal_0902_pat_05_panel_bs-c.wav,202.0634798177074
section_04_source_train_normal_0903_pat_05_panel_bs-c.wav,288.8606694582652
section_04_source_train_normal_0904_pat_04_panel_bs-c.wav,212.3984627292536
section_04_source_train_normal_0905_pat_05_panel_open.wav,232.88299748648294
section_04_source_train_normal_0906_pat_04_panel_bs-c.wav,172.24431934628817
section_04_source_train_normal_0907_pat_05_panel_open.wav,205.5267539664124
section_04_source_train_normal_0908_pat_05_panel_bs-c.wav,255.118668030626
section_04_source_train_normal_0909_pat_05_panel_open.wav,295.92998117668185
section_04_source_train_normal_0910_pat_04_panel_open.wav,190.70365385401868
section_04_source_train_normal_0911_pat_04_panel_bs-c.wav,182.47493781104643
section_04_source_train_normal_0912_pat_05_panel_bs-c.wav,189.9023622469325
section_04_source_train_normal_0913_pat_05_panel_open.wav,240.1552321637681
section_04_source_train_normal_0914_pat_05_panel_open.wav,260.37538480367147
section_04_source_train_normal_0915_pat_04_panel_bs-c.wav,228.42223171091698
section_04_source_train_normal_0916_pat_04_panel_open.wav,209.94780023814718
section_04_source_train_normal_0917_pat_05_panel_open.wav,184.03782298231414
section_04_source_train_normal_0918_pat_05_panel_bs-c.wav,227.62825984396838
section_04_source_train_normal_0919_pat_04_panel_bs-c.wav,203.40187704655162
section_04_source_train_normal_0920_pat_04_panel_bs-c.wav,204.64177300699595
section_04_source_train_normal_0921_pat_05_panel_bs-c.wav,220.41945753201642
section_04_source_train_normal_0922_pat_04_panel_open.wav,178.03876125686315
section_04_source_train_normal_0923_pat_05_panel_bs-c.wav,199.01197351620894
section_04_source_train_normal_0924_pat_05_panel_open.wav,291.2996519403439
section_04_source_train_normal_0925_pat_05_panel_open.wav,259.07442396695234
section_04_source_train_normal_0926_pat_05_panel_bs-c.wav,195.89810091130917
section_04_source_train_normal_0927_pat_05_panel_open.wav,204.75805726454075
section_04_source_train_normal_0928_pat_04_panel_open.wav,204.4885476990534
section_04_source_train_normal_0929_pat_05_panel_bs-c.wav,193.16779646698802
section_04_source_train_normal_0930_pat_04_panel_bs-c.wav,206.92306543088364
section_04_source_train_normal_0931_pat_05_panel_open.wav,379.44408559400995
section_04_source_train_normal_0932_pat_05_panel_open.wav,303.6471878776171
section_04_source_train_normal_0933_pat_04_panel_open.wav,332.1849543562809
section_04_source_train_normal_0934_pat_04_panel_bs-c.wav,196.94100534341771
section_04_source_train_normal_0935_pat_04_panel_bs-c.wav,184.27488418619845
section_04_source_train_normal_0936_pat_05_panel_open.wav,182.68004744506212
section_04_source_train_normal_0937_pat_05_panel_open.wav,171.4475709157499
section_04_source_train_normal_0938_pat_04_panel_bs-c.wav,207.04107664151508
section_04_source_train_normal_0939_pat_05_panel_bs-c.wav,223.71839322196064
section_04_source_train_normal_0940_pat_05_panel_open.wav,211.11740372329115
section_04_source_train_normal_0941_pat_04_panel_open.wav,262.25181794765837
section_04_source_train_normal_0942_pat_05_panel_open.wav,167.84709584042534
section_04_source_train_normal_0943_pat_05_panel_bs-c.wav,209.70612891087933
section_04_source_train_normal_0944_pat_04_panel_open.wav,222.66690756483976
section_04_source_train_normal_0945_pat_05_panel_bs-c.wav,211.51992281871915
section_04_source_train_normal_0946_pat_04_panel_open.wav,188.7176700375395
section_04_source_train_normal_0947_pat_04_panel_open.wav,177.17520104613266
section_04_source_train_normal_0948_pat_05_panel_bs-c.wav,193.12000837150833
section_04_source_train_normal_0949_pat_04_panel_bs-c.wav,189.28944281545432
section_04_source_train_normal_0950_pat_05_panel_open.wav,175.43334367046728
section_04_source_train_normal_0951_pat_04_panel_bs-c.wav,205.9915773643138
section_04_source_train_normal_0952_pat_04_panel_open.wav,230.82326464341227
section_04_source_train_normal_0953_pat_05_panel_open.wav,219.1329506451213
section_04_source_train_normal_0954_pat_05_panel_open.wav,193.4938025768701
section_04_source_train_normal_0955_pat_05_panel_bs-c.wav,188.94044559896437
section_04_source_train_normal_0956_pat_04_panel_open.wav,173.93372460731874
section_04_source_train_normal_0957_pat_04_panel_open.wav,254.65385877316135
section_04_source_train_normal_0958_pat_04_panel_bs-c.wav,229.00008158827944
section_04_source_train_normal_0959_pat_04_panel_open.wav,204.6348716202707
section_04_source_train_normal_0960_pat_04_panel_open.wav,339.55196273062313
section_04_source_train_normal_0961_pat_05_panel_bs-c.wav,279.5632815752343
section_04_source_train_normal_0962_pat_05_panel_open.wav,295.1576712689628
section_04_source_train_normal_0963_pat_04_panel_bs-c.wav,200.86264104007736
section_04_source_train_normal_0964_pat_05_panel_bs-c.wav,213.31671479128852
section_04_source_train_normal_0965_pat_05_panel_bs-c.wav,208.9425689976605
section_04_source_train_normal_0966_pat_05_panel_bs-c.wav,201.86326572907498
section_04_source_train_normal_0967_pat_05_panel_bs-c.wav,194.7839569313759
section_04_source_train_normal_0968_pat_05_panel_open.wav,186.8740409334155
section_04_source_train_normal_0969_pat_05_panel_bs-c.wav,268.2413007699399
section_04_source_train_normal_0970_pat_04_panel_open.wav,254.55422848809363
section_04_source_train_normal_0971_pat_04_panel_bs-c.wav,245.0987383393078
section_04_source_train_normal_0972_pat_05_panel_open.wav,185.00674827768069
section_04_source_train_normal_0973_pat_04_panel_bs-c.wav,187.6863507946549
section_04_source_train_normal_0974_pat_05_panel_open.wav,221.94559998518392
section_04_source_train_normal_0975_pat_04_panel_bs-c.wav,213.30433982758808
section_04_source_train_normal_0976_pat_04_panel_bs-c.wav,209.41830491113268
section_04_source_train_normal_0977_pat_05_panel_bs-c.wav,194.99164855534372
section_04_source_train_normal_0978_pat_05_panel_bs-c.wav,213.70547408274834
section_04_source_train_normal_0979_pat_05_panel_open.wav,180.79349324037946
section_04_source_train_normal_0980_pat_04_panel_bs-c.wav,209.69288684757896
section_04_source_train_normal_0981_pat_04_panel_bs-c.wav,219.9043648818487
section_04_source_train_normal_0982_pat_04_panel_open.wav,228.95604013853094
section_04_source_train_normal_0983_pat_05_panel_open.wav,237.08392721906577
section_04_source_train_normal_0984_pat_04_panel_bs-c.wav,207.4890571024137
section_04_source_train_normal_0985_pat_04_panel_bs-c.wav,241.4729240786877
section_04_source_train_normal_0986_pat_05_panel_bs-c.wav,216.91495873103514
section_04_source_train_normal_0987_pat_04_panel_bs-c.wav,227.3864658158259
section_04_source_train_normal_0988_pat_05_panel_open.wav,261.7626708356725
section_04_source_train_normal_0989_pat_04_panel_open.wav,171.3470273997701
section_04_target_train_normal_0000_pat_05_panel_s-c.wav,139.06899066125365
section_04_target_train_normal_0001_pat_05_panel_b-c.wav,161.50186864922202
section_04_target_train_normal_0002_pat_04_panel_s-c.wav,141.58455627667834
section_04_target_train_normal_0003_pat_04_panel_b-c.wav,137.01551313508625
section_04_target_train_normal_0004_pat_04_panel_b-c.wav,136.91054756633298
section_04_target_train_normal_0005_pat_04_panel_s-c.wav,140.5276990079487
section_04_target_train_normal_0006_pat_05_panel_b-c.wav,189.35689709773504
section_04_target_train_normal_0007_pat_05_panel_b-c.wav,180.6457577780291
section_04_target_train_normal_0008_pat_05_panel_s-c.wav,154.29950070315587
section_04_target_train_normal_0009_pat_04_panel_s-c.wav,137.0369481057749
