section_04_source_train_normal_0000_wt_0.wav,78.23060035424683
section_04_source_train_normal_0001_wt_100.wav,95.19357531284179
section_04_source_train_normal_0002_wt_100.wav,56.784590498864304
section_04_source_train_normal_0003_wt_0.wav,128.7772497363057
section_04_source_train_normal_0004_wt_50.wav,100.84396229902158
section_04_source_train_normal_0005_wt_50.wav,306.33052969141426
section_04_source_train_normal_0006_wt_100.wav,185.31361415008996
section_04_source_train_normal_0007_wt_50.wav,152.0214902949906
section_04_source_train_normal_0008_wt_100.wav,117.20510309459193
section_04_source_train_normal_0009_wt_200.wav,156.81107237600128
section_04_source_train_normal_0010_wt_0.wav,155.99713701978595
section_04_source_train_normal_0011_wt_50.wav,130.059016671191
section_04_source_train_normal_0012_wt_100.wav,120.03252222092267
section_04_source_train_normal_0013_wt_200.wav,170.0808053276325
section_04_source_train_normal_0014_wt_200.wav,120.12158656733244
section_04_source_train_normal_0015_wt_200.wav,107.25404684383925
section_04_source_train_normal_0016_wt_50.wav,103.69075137793855
section_04_source_train_normal_0017_wt_50.wav,94.96481713725632
section_04_source_train_normal_0018_wt_100.wav,82.812892774115
section_04_source_train_normal_0019_wt_150.wav,232.76752253584232
section_04_source_train_normal_0020_wt_150.wav,113.97977505326125
section_04_source_train_normal_0021_wt_50.wav,105.3997389406042
section_04_source_train_normal_0022_wt_150.wav,74.53528785729668
section_04_source_train_normal_0023_wt_100.wav,217.27979888253708
section_04_source_train_normal_0024_wt_100.wav,61.12415188075124
section_04_source_train_normal_0025_wt_50.wav,105.70451963598838
section_04_source_train_normal_0026_wt_100.wav,88.62495629712686
section_04_source_train_normal_0027_wt_100.wav,120.50563932902385
section_04_source_train_normal_0028_wt_100.wav,143.7811370225308
section_04_source_train_normal_0029_wt_150.wav,100.43235360186229
section_04_source_train_normal_0030_wt_200.wav,133.78252866956456
section_04_source_train_normal_0031_wt_150.wav,148.64177782833008
section_04_source_train_normal_0032_wt_100.wav,95.84447228156732
section_04_source_train_normal_0033_wt_150.wav,109.87993267883137
section_04_source_train_normal_0034_wt_0.wav,62.31083714426575
section_04_source_train_normal_0035_wt_50.wav,98.95572038463682
section_04_source_train_normal_0036_wt_200.wav,139.97756871482107
section_04_source_train_normal_0037_wt_100.wav,137.5498499339236
section_04_source_train_normal_0038_wt_200.wav,106.22064503967569
section_04_source_train_normal_0039_wt_200.wav,118.79930993395799
section_04_source_train_normal_0040_wt_150.wav,132.89004393356572
section_04_source_train_normal_0041_wt_50.wav,112.21214220076273
section_04_source_train_normal_0042_wt_200.wav,104.2781036546789
section_04_source_train_normal_0043_wt_100.wav,102.77816657700875
section_04_source_train_normal_0044_wt_50.wav,109.8886850142324
section_04_source_train_normal_0045_wt_150.wav,139.22626540398483
section_04_source_train_normal_0046_wt_100.wav,95.20046357027853
section_04_source_train_normal_0047_wt_150.wav,115.3259047518551
section_04_source_train_normal_0048_wt_50.wav,124.4501852299013
section_04_source_train_normal_0049_wt_50.wav,106.00883750203285
section_04_source_train_normal_0050_wt_0.wav,115.54076611502641
section_04_source_train_normal_0051_wt_100.wav,156.29892339530568
section_04_source_train_normal_0052_wt_100.wav,69.03873235316766
section_04_source_train_normal_0053_wt_200.wav,164.56839729926236
section_04_source_train_normal_0054_wt_50.wav,101.1936168131342
section_04_source_train_normal_0055_wt_50.wav,162.2694819912486
section_04_source_train_normal_0056_wt_0.wav,132.86858715673986
section_04_source_train_normal_0057_wt_50.wav,169.64926823106225
section_04_source_train_normal_0058_wt_50.wav,244.1321151838951
section_04_source_train_normal_0059_wt_150.wav,129.0051157460485
section_04_source_train_normal_0060_wt_100.wav,103.43210320859775
section_04_source_train_normal_0061_wt_50.wav,250.4732181431163
section_04_source_train_normal_0062_wt_0.wav,103.53142055337419
section_04_source_train_normal_0063_wt_200.wav,103.42234633966292
section_04_source_train_normal_0064_wt_100.wav,131.46746479326043
section_04_source_train_normal_0065_wt_0.wav,97.45139749483712
section_04_source_train_normal_0066_wt_50.wav,264.3591907072114
section_04_source_train_normal_0067_wt_50.wav,103.2022095699371
section_04_source_train_normal_0068_wt_0.wav,132.45176719293715
section_04_source_train_normal_0069_wt_150.wav,278.8735334206367
section_04_source_train_normal_0070_wt_150.wav,102.43735688913391
section_04_source_train_normal_0071_wt_0.wav,143.84356852644015
section_04_source_train_normal_0072_wt_150.wav,147.49735597120957
section_04_source_train_normal_0073_wt_100.wav,101.08001046366563
section_04_source_train_normal_0074_wt_50.wav,150.53398455653507
section_04_source_train_normal_0075_wt_50.wav,223.50080661820118
section_04_source_train_normal_0076_wt_200.wav,150.04928860349094
section_04_source_train_normal_0077_wt_0.wav,109.01107406990506
section_04_source_train_normal_0078_wt_200.wav,141.782745841895
section_04_source_train_normal_0079_wt_50.wav,97.44551873252658
section_04_source_train_normal_0080_wt_150.wav,104.31939993148681
section_04_source_train_normal_0081_wt_0.wav,116.32070323547826
section_04_source_train_normal_0082_wt_50.wav,67.974093786738
section_04_source_train_normal_0083_wt_150.wav,271.7102771365518
section_04_source_train_normal_0084_wt_200.wav,100.62409322541221
section_04_source_train_normal_0085_wt_0.wav,147.5740900963615
section_04_source_train_normal_0086_wt_200.wav,68.16195046279381
section_04_source_train_normal_0087_wt_200.wav,197.72624142816755
section_04_source_train_normal_0088_wt_200.wav,136.72655715211584
section_04_source_train_normal_0089_wt_0.wav,106.8641575688177
section_04_source_train_normal_0090_wt_200.wav,108.3565041091329
section_04_source_train_normal_0091_wt_100.wav,130.64552477727983
section_04_source_train_normal_0092_wt_50.wav,105.79514132785094
section_04_source_train_normal_0093_wt_100.wav,199.64041706841687
section_04_source_train_normal_0094_wt_200.wav,122.56768578488156
section_04_source_train_normal_0095_wt_0.wav,118.117001629552
section_04_source_train_normal_0096_wt_50.wav,106.81106434186039
section_04_source_train_normal_0097_wt_100.wav,118.57743627070492
section_04_source_train_normal_0098_wt_150.wav,126.33297597435974
section_04_source_train_normal_0099_wt_50.wav,117.30073371280925
section_04_source_train_normal_0100_wt_0.wav,149.34793343230672
section_04_source_train_normal_0101_wt_200.wav,113.18410367402929
section_04_source_train_normal_0102_wt_50.wav,138.56225494080678
section_04_source_train_normal_0103_wt_200.wav,120.70217173455227
section_04_source_train_normal_0104_wt_0.wav,126.40414799786025
section_04_source_train_normal_0105_wt_100.wav,129.31294348316862
section_04_source_train_normal_0106_wt_50.wav,99.95546547467124
section_04_source_train_normal_0107_wt_200.wav,184.44947939923253
section_04_source_train_normal_0108_wt_0.wav,118.29681218634174
section_04_source_train_normal_0109_wt_0.wav,123.64699382331752
section_04_source_train_normal_0110_wt_50.wav,101.43135716799945
section_04_source_train_normal_0111_wt_100.wav,118.27890566578652
section_04_source_train_normal_0112_wt_0.wav,79.4106510300075
section_04_source_train_normal_0113_wt_200.wav,87.95123622899914
section_04_source_train_normal_0114_wt_100.wav,101.97437025050614
section_04_source_train_normal_0115_wt_100.wav,99.2631846745338
section_04_source_train_normal_0116_wt_100.wav,215.41160282842634
section_04_source_train_normal_0117_wt_200.wav,205.15522024849042
section_04_source_train_normal_0118_wt_200.wav,198.38082483767596
section_04_source_train_normal_0119_wt_200.wav,111.29691246458853
section_04_source_train_normal_0120_wt_200.wav,118.71782686824771
section_04_source_train_normal_0121_wt_50.wav,153.5307606511676
section_04_source_train_normal_0122_wt_50.wav,140.11720059230134
section_04_source_train_normal_0123_wt_0.wav,99.55900213044947
section_04_source_train_normal_0124_wt_150.wav,129.36513697719693
section_04_source_train_normal_0125_wt_0.wav,101.8171907614532
section_04_source_train_normal_0126_wt_50.wav,125.73344383108052
section_04_source_train_normal_0127_wt_0.wav,111.04098922634107
section_04_source_train_normal_0128_wt_50.wav,66.11410985073243
section_04_source_train_normal_0129_wt_150.wav,118.65531698129767
section_04_source_train_normal_0130_wt_50.wav,98.57700846634346
section_04_source_train_normal_0131_wt_150.wav,87.26519761924692
section_04_source_train_normal_0132_wt_50.wav,128.49153868548797
section_04_source_train_normal_0133_wt_100.wav,146.1738612949182
section_04_source_train_normal_0134_wt_50.wav,112.45436429937472
section_04_source_train_normal_0135_wt_150.wav,110.42397827381937
section_04_source_train_normal_0136_wt_100.wav,148.99384641270439
section_04_source_train_normal_0137_wt_150.wav,152.51050808082255
section_04_source_train_normal_0138_wt_0.wav,91.96675817730326
section_04_source_train_normal_0139_wt_0.wav,130.0685417671583
section_04_source_train_normal_0140_wt_50.wav,103.77225741562943
section_04_source_train_normal_0141_wt_200.wav,122.90127595410654
section_04_source_train_normal_0142_wt_100.wav,103.63639091149814
section_04_source_train_normal_0143_wt_0.wav,176.02333820169872
section_04_source_train_normal_0144_wt_0.wav,175.19010201924237
section_04_source_train_normal_0145_wt_200.wav,145.02523277111248
section_04_source_train_normal_0146_wt_0.wav,83.20800783225883
section_04_source_train_normal_0147_wt_50.wav,113.37925195533658
section_04_source_train_normal_0148_wt_50.wav,166.1415933260629
section_04_source_train_normal_0149_wt_200.wav,177.27928120286253
section_04_source_train_normal_0150_wt_200.wav,171.4240276239903
section_04_source_train_normal_0151_wt_0.wav,73.02158695847129
section_04_source_train_normal_0152_wt_0.wav,107.64009030586577
section_04_source_train_normal_0153_wt_50.wav,119.17846668893425
section_04_source_train_normal_0154_wt_100.wav,141.08136696490936
section_04_source_train_normal_0155_wt_150.wav,72.09769213265736
section_04_source_train_normal_0156_wt_150.wav,134.23215540259247
section_04_source_train_normal_0157_wt_100.wav,156.70961140729185
section_04_source_train_normal_0158_wt_100.wav,109.13727368693553
section_04_source_train_normal_0159_wt_200.wav,143.2625592485175
section_04_source_train_normal_0160_wt_0.wav,117.40154753664963
section_04_source_train_normal_0161_wt_50.wav,127.95492887627145
section_04_source_train_normal_0162_wt_100.wav,183.22669384163692
section_04_source_train_normal_0163_wt_0.wav,100.07296779031756
section_04_source_train_normal_0164_wt_150.wav,104.27256975136045
section_04_source_train_normal_0165_wt_100.wav,190.65432160205864
section_04_source_train_normal_0166_wt_100.wav,124.68090573272274
section_04_source_train_normal_0167_wt_0.wav,105.37763960684624
section_04_source_train_normal_0168_wt_0.wav,87.44809339169984
section_04_source_train_normal_0169_wt_150.wav,59.716857758334356
section_04_source_train_normal_0170_wt_150.wav,109.42653248549082
section_04_source_train_normal_0171_wt_50.wav,161.2397603478268
section_04_source_train_normal_0172_wt_100.wav,266.82921591397337
section_04_source_train_normal_0173_wt_200.wav,113.8098473532811
section_04_source_train_normal_0174_wt_150.wav,131.9086148897087
section_04_source_train_normal_0175_wt_150.wav,113.52729062993662
section_04_source_train_normal_0176_wt_100.wav,226.27261913649164
section_04_source_train_normal_0177_wt_200.wav,174.2956608883079
section_04_source_train_normal_0178_wt_200.wav,147.67297631201473
section_04_source_train_normal_0179_wt_0.wav,253.44017345583177
section_04_source_train_normal_0180_wt_0.wav,139.89935946237074
section_04_source_train_normal_0181_wt_200.wav,134.8917739097247
section_04_source_train_normal_0182_wt_150.wav,123.92147065038795
section_04_source_train_normal_0183_wt_0.wav,89.2840485002151
section_04_source_train_normal_0184_wt_150.wav,109.05109480480591
section_04_source_train_normal_0185_wt_100.wav,115.84127751121198
section_04_source_train_normal_0186_wt_150.wav,63.597710888278414
section_04_source_train_normal_0187_wt_0.wav,85.21501696114672
section_04_source_train_normal_0188_wt_200.wav,153.63094194558533
section_04_source_train_normal_0189_wt_200.wav,195.1153401597827
section_04_source_train_normal_0190_wt_100.wav,87.38407725634252
section_04_source_train_normal_0191_wt_0.wav,169.42000000789835
section_04_source_train_normal_0192_wt_200.wav,113.06867506275525
section_04_source_train_normal_0193_wt_0.wav,175.74795853740181
section_04_source_train_normal_0194_wt_50.wav,125.89873303919926
section_04_source_train_normal_0195_wt_150.wav,178.51434761197663
section_04_source_train_normal_0196_wt_200.wav,240.12250510341994
section_04_source_train_normal_0197_wt_0.wav,163.32304010760475
section_04_source_train_normal_0198_wt_50.wav,99.95697568821792
section_04_source_train_normal_0199_wt_150.wav,115.27664148959398
section_04_source_train_normal_0200_wt_0.wav,121.67703650048968
section_04_source_train_normal_0201_wt_0.wav,90.63835962467022
section_04_source_train_normal_0202_wt_100.wav,66.27457625291967
section_04_source_train_normal_0203_wt_150.wav,152.99226269154082
section_04_source_train_normal_0204_wt_100.wav,102.9471137032189
section_04_source_train_normal_0205_wt_150.wav,101.91988497247307
section_04_source_train_normal_0206_wt_0.wav,76.9815467647615
section_04_source_train_normal_0207_wt_0.wav,127.25862965572715
section_04_source_train_normal_0208_wt_100.wav,131.34490832530298
section_04_source_train_normal_0209_wt_150.wav,165.18732492498805
section_04_source_train_normal_0210_wt_150.wav,157.7701970940247
section_04_source_train_normal_0211_wt_0.wav,143.17986121294786
section_04_source_train_normal_0212_wt_100.wav,132.73600670036456
section_04_source_train_normal_0213_wt_150.wav,75.59189980577585
section_04_source_train_normal_0214_wt_150.wav,104.15986634622634
section_04_source_train_normal_0215_wt_150.wav,91.43236789115372
section_04_source_train_normal_0216_wt_100.wav,99.11376579422658
section_04_source_train_normal_0217_wt_50.wav,142.38554354033903
section_04_source_train_normal_0218_wt_0.wav,125.07318264350694
section_04_source_train_normal_0219_wt_0.wav,126.77630182388286
section_04_source_train_normal_0220_wt_150.wav,120.85822662797021
section_04_source_train_normal_0221_wt_150.wav,190.76332942420237
section_04_source_train_normal_0222_wt_100.wav,83.09134161386982
section_04_source_train_normal_0223_wt_50.wav,112.58512989414892
section_04_source_train_normal_0224_wt_100.wav,85.80454998630262
section_04_source_train_normal_0225_wt_0.wav,157.14483630816193
section_04_source_train_normal_0226_wt_100.wav,107.11469390321137
section_04_source_train_normal_0227_wt_0.wav,55.17846028471041
section_04_source_train_normal_0228_wt_200.wav,245.93551427606042
section_04_source_train_normal_0229_wt_100.wav,112.80510008932502
section_04_source_train_normal_0230_wt_50.wav,104.98986126715589
section_04_source_train_normal_0231_wt_200.wav,104.99927880388707
section_04_source_train_normal_0232_wt_50.wav,203.8476285289542
section_04_source_train_normal_0233_wt_0.wav,147.0152324031381
section_04_source_train_normal_0234_wt_50.wav,169.19623245124723
section_04_source_train_normal_0235_wt_0.wav,70.21630603569844
section_04_source_train_normal_0236_wt_150.wav,110.82310985268232
section_04_source_train_normal_0237_wt_100.wav,107.08552937856346
section_04_source_train_normal_0238_wt_150.wav,73.14772572480882
section_04_source_train_normal_0239_wt_100.wav,95.23848001535494
section_04_source_train_normal_0240_wt_50.wav,104.95370194460058
section_04_source_train_normal_0241_wt_200.wav,127.7163592758261
section_04_source_train_normal_0242_wt_200.wav,115.00935918783044
section_04_source_train_normal_0243_wt_0.wav,55.89147215301958
section_04_source_train_normal_0244_wt_200.wav,228.48615185967333
section_04_source_train_normal_0245_wt_0.wav,190.1841935325363
section_04_source_train_normal_0246_wt_50.wav,136.47458883719315
section_04_source_train_normal_0247_wt_150.wav,107.21057624492953
section_04_source_train_normal_0248_wt_50.wav,103.35846349484537
section_04_source_train_normal_0249_wt_200.wav,115.306622638689
section_04_source_train_normal_0250_wt_150.wav,76.95045653328643
section_04_source_train_normal_0251_wt_50.wav,109.90366379030489
section_04_source_train_normal_0252_wt_100.wav,131.5618262479088
section_04_source_train_normal_0253_wt_50.wav,97.58772910985068
section_04_source_train_normal_0254_wt_200.wav,175.20327774862102
section_04_source_train_normal_0255_wt_0.wav,148.3209876848286
section_04_source_train_normal_0256_wt_0.wav,79.82380695003036
section_04_source_train_normal_0257_wt_200.wav,105.99284641360863
section_04_source_train_normal_0258_wt_0.wav,105.00208734692511
section_04_source_train_normal_0259_wt_50.wav,98.0871856683441
section_04_source_train_normal_0260_wt_50.wav,161.50396784771613
section_04_source_train_normal_0261_wt_100.wav,131.26564512952774
section_04_source_train_normal_0262_wt_50.wav,126.4522840791792
section_04_source_train_normal_0263_wt_100.wav,211.43216291845135
section_04_source_train_normal_0264_wt_0.wav,103.76434884460109
section_04_source_train_normal_0265_wt_100.wav,124.26417396149616
section_04_source_train_normal_0266_wt_100.wav,164.9376001665575
section_04_source_train_normal_0267_wt_100.wav,83.28804713202533
section_04_source_train_normal_0268_wt_0.wav,236.7317513331467
section_04_source_train_normal_0269_wt_200.wav,126.25624405518342
section_04_source_train_normal_0270_wt_50.wav,78.17180035640561
section_04_source_train_normal_0271_wt_0.wav,121.80013107083572
section_04_source_train_normal_0272_wt_0.wav,124.3148406173705
section_04_source_train_normal_0273_wt_0.wav,123.94942936304743
section_04_source_train_normal_0274_wt_50.wav,142.5408076444118
section_04_source_train_normal_0275_wt_50.wav,222.21822765880938
section_04_source_train_normal_0276_wt_100.wav,104.27141262070408
section_04_source_train_normal_0277_wt_200.wav,206.95262781596074
section_04_source_train_normal_0278_wt_150.wav,103.137892843995
section_04_source_train_normal_0279_wt_50.wav,153.01900314301025
section_04_source_train_normal_0280_wt_0.wav,124.52159372406528
section_04_source_train_normal_0281_wt_50.wav,230.807809867628
section_04_source_train_normal_0282_wt_200.wav,131.27493331294824
section_04_source_train_normal_0283_wt_200.wav,96.01432635786531
section_04_source_train_normal_0284_wt_100.wav,164.5233829512248
section_04_source_train_normal_0285_wt_150.wav,112.2123799384231
section_04_source_train_normal_0286_wt_50.wav,117.49679320910552
section_04_source_train_normal_0287_wt_0.wav,156.3435618544936
section_04_source_train_normal_0288_wt_200.wav,108.48898850418588
section_04_source_train_normal_0289_wt_100.wav,96.78066195253955
section_04_source_train_normal_0290_wt_200.wav,130.44276435023318
section_04_source_train_normal_0291_wt_100.wav,224.2114196653962
section_04_source_train_normal_0292_wt_200.wav,110.22127580983748
section_04_source_train_normal_0293_wt_50.wav,99.04197541885884
section_04_source_train_normal_0294_wt_200.wav,127.16062508464118
section_04_source_train_normal_0295_wt_150.wav,143.02653349156014
section_04_source_train_normal_0296_wt_100.wav,89.00423080238227
section_04_source_train_normal_0297_wt_0.wav,128.1231243913666
section_04_source_train_normal_0298_wt_0.wav,115.67258911068932
section_04_source_train_normal_0299_wt_100.wav,119.39073428972146
section_04_source_train_normal_0300_wt_0.wav,112.96493989041964
section_04_source_train_normal_0301_wt_50.wav,125.0852481593766
section_04_source_train_normal_0302_wt_100.wav,124.4635392110243
section_04_source_train_normal_0303_wt_150.wav,94.97019855764319
section_04_source_train_normal_0304_wt_0.wav,66.95030509801506
section_04_source_train_normal_0305_wt_100.wav,104.25217635018525
section_04_source_train_normal_0306_wt_150.wav,149.7468515932104
section_04_source_train_normal_0307_wt_0.wav,79.15467814653528
section_04_source_train_normal_0308_wt_150.wav,138.1007079349843
section_04_source_train_normal_0309_wt_100.wav,60.79486977197803
section_04_source_train_normal_0310_wt_150.wav,143.56347738354447
section_04_source_train_normal_0311_wt_0.wav,191.08456851792573
section_04_source_train_normal_0312_wt_0.wav,84.63869247863266
section_04_source_train_normal_0313_wt_150.wav,147.93883261291347
section_04_source_train_normal_0314_wt_0.wav,103.56880473299493
section_04_source_train_normal_0315_wt_50.wav,189.82130360078554
section_04_source_train_normal_0316_wt_150.wav,117.46494031183143
section_04_source_train_normal_0317_wt_0.wav,167.72502594067976
section_04_source_train_normal_0318_wt_100.wav,205.62437883491378
section_04_source_train_normal_0319_wt_0.wav,259.58587936846465
section_04_source_train_normal_0320_wt_0.wav,178.60527620668103
section_04_source_train_normal_0321_wt_150.wav,156.05385628067233
section_04_source_train_normal_0322_wt_150.wav,186.89402174974634
section_04_source_train_normal_0323_wt_200.wav,84.81908416232045
section_04_source_train_normal_0324_wt_200.wav,111.0994494536542
section_04_source_train_normal_0325_wt_200.wav,84.56003015527207
section_04_source_train_normal_0326_wt_50.wav,80.75699877552944
section_04_source_train_normal_0327_wt_100.wav,176.9140123798377
section_04_source_train_normal_0328_wt_0.wav,98.99419375624383
section_04_source_train_normal_0329_wt_150.wav,139.92397694295585
section_04_source_train_normal_0330_wt_200.wav,120.19368492513416
section_04_source_train_normal_0331_wt_200.wav,152.3821577079491
section_04_source_train_normal_0332_wt_50.wav,225.72726599273722
section_04_source_train_normal_0333_wt_200.wav,108.92046918931833
section_04_source_train_normal_0334_wt_150.wav,150.5476622865848
section_04_source_train_normal_0335_wt_100.wav,61.554906894603675
section_04_source_train_normal_0336_wt_100.wav,126.43024691917752
section_04_source_train_normal_0337_wt_0.wav,90.24357129203383
section_04_source_train_normal_0338_wt_200.wav,91.35881719184553
section_04_source_train_normal_0339_wt_50.wav,81.65527173651748
section_04_source_train_normal_0340_wt_150.wav,114.35676268643697
section_04_source_train_normal_0341_wt_50.wav,290.62340299981037
section_04_source_train_normal_0342_wt_200.wav,93.93841712814373
section_04_source_train_normal_0343_wt_100.wav,175.2206534960887
section_04_source_train_normal_0344_wt_50.wav,114.269291577607
section_04_source_train_normal_0345_wt_200.wav,199.57044623977987
section_04_source_train_normal_0346_wt_50.wav,101.2012236761203
section_04_source_train_normal_0347_wt_0.wav,119.31767783624225
section_04_source_train_normal_0348_wt_0.wav,102.81805709337387
section_04_source_train_normal_0349_wt_200.wav,148.67800985190883
section_04_source_train_normal_0350_wt_50.wav,149.16797263585084
section_04_source_train_normal_0351_wt_50.wav,77.35713982011202
section_04_source_train_normal_0352_wt_200.wav,137.5005183860382
section_04_source_train_normal_0353_wt_100.wav,129.33823304593096
section_04_source_train_normal_0354_wt_200.wav,174.0195651944042
section_04_source_train_normal_0355_wt_0.wav,150.45755168255687
section_04_source_train_normal_0356_wt_50.wav,105.35513024555512
section_04_source_train_normal_0357_wt_150.wav,124.96019190336482
section_04_source_train_normal_0358_wt_50.wav,146.59041111591495
section_04_source_train_normal_0359_wt_200.wav,218.79260483502355
section_04_source_train_normal_0360_wt_200.wav,100.25826221031771
section_04_source_train_normal_0361_wt_200.wav,197.7236813382085
section_04_source_train_normal_0362_wt_100.wav,115.52180155194633
section_04_source_train_normal_0363_wt_50.wav,135.28033306895043
section_04_source_train_normal_0364_wt_150.wav,100.32677777931092
section_04_source_train_normal_0365_wt_150.wav,112.02979817699627
section_04_source_train_normal_0366_wt_150.wav,165.51328127906606
section_04_source_train_normal_0367_wt_200.wav,121.92949904296715
section_04_source_train_normal_0368_wt_0.wav,141.56362083243266
section_04_source_train_normal_0369_wt_50.wav,138.2534431699052
section_04_source_train_normal_0370_wt_200.wav,102.57749854235924
section_04_source_train_normal_0371_wt_150.wav,226.99142984443915
section_04_source_train_normal_0372_wt_200.wav,81.82885118921149
section_04_source_train_normal_0373_wt_50.wav,102.3687909825358
section_04_source_train_normal_0374_wt_150.wav,119.67890187410946
section_04_source_train_normal_0375_wt_50.wav,166.68597883085766
section_04_source_train_normal_0376_wt_100.wav,106.65238893967759
section_04_source_train_normal_0377_wt_0.wav,109.91851931151287
section_04_source_train_normal_0378_wt_200.wav,106.89653939692543
section_04_source_train_normal_0379_wt_200.wav,184.69564197862832
section_04_source_train_normal_0380_wt_50.wav,62.999518222557015
section_04_source_train_normal_0381_wt_0.wav,99.68493466681336
section_04_source_train_normal_0382_wt_0.wav,199.96426018758655
section_04_source_train_normal_0383_wt_150.wav,119.4527039485133
section_04_source_train_normal_0384_wt_200.wav,107.85574224136765
section_04_source_train_normal_0385_wt_100.wav,51.984983943607176
section_04_source_train_normal_0386_wt_150.wav,105.09809485360238
section_04_source_train_normal_0387_wt_50.wav,200.55862454150378
section_04_source_train_normal_0388_wt_100.wav,98.65159644367115
section_04_source_train_normal_0389_wt_100.wav,89.61603504854816
section_04_source_train_normal_0390_wt_200.wav,125.32439613933757
section_04_source_train_normal_0391_wt_150.wav,96.65230131603187
section_04_source_train_normal_0392_wt_150.wav,104.28437100802832
section_04_source_train_normal_0393_wt_50.wav,99.57209782962143
section_04_source_train_normal_0394_wt_0.wav,184.039122901368
section_04_source_train_normal_0395_wt_50.wav,183.75668492794057
section_04_source_train_normal_0396_wt_200.wav,106.96931701926236
section_04_source_train_normal_0397_wt_50.wav,110.27318532041907
section_04_source_train_normal_0398_wt_150.wav,161.82985008578999
section_04_source_train_normal_0399_wt_150.wav,153.34734092102912
section_04_source_train_normal_0400_wt_100.wav,163.38691504252063
section_04_source_train_normal_0401_wt_50.wav,148.03166296270155
section_04_source_train_normal_0402_wt_150.wav,144.86375664957092
section_04_source_train_normal_0403_wt_200.wav,101.90006269748407
section_04_source_train_normal_0404_wt_50.wav,103.18014054066113
section_04_source_train_normal_0405_wt_50.wav,129.51080332503687
section_04_source_train_normal_0406_wt_50.wav,220.0695409860017
section_04_source_train_normal_0407_wt_50.wav,133.2523898212147
section_04_source_train_normal_0408_wt_200.wav,122.75679963241076
section_04_source_train_normal_0409_wt_100.wav,86.9820993241724
section_04_source_train_normal_0410_wt_100.wav,135.2602216939723
section_04_source_train_normal_0411_wt_0.wav,103.77819266327081
section_04_source_train_normal_0412_wt_150.wav,101.49916210431105
section_04_source_train_normal_0413_wt_50.wav,109.56510682666713
section_04_source_train_normal_0414_wt_200.wav,163.9098809296084
section_04_source_train_normal_0415_wt_200.wav,111.49849609767567
section_04_source_train_normal_0416_wt_100.wav,123.40747397189766
section_04_source_train_normal_0417_wt_150.wav,105.1631285110788
section_04_source_train_normal_0418_wt_200.wav,102.18488883229924
section_04_source_train_normal_0419_wt_150.wav,127.17489934562393
section_04_source_train_normal_0420_wt_150.wav,67.07472997094132
section_04_source_train_normal_0421_wt_200.wav,134.25663073100435
section_04_source_train_normal_0422_wt_50.wav,87.87851719559302
section_04_source_train_normal_0423_wt_150.wav,111.69927348343803
section_04_source_train_normal_0424_wt_200.wav,124.63752101898855
section_04_source_train_normal_0425_wt_100.wav,101.09188346126527
section_04_source_train_normal_0426_wt_150.wav,119.60549386394464
section_04_source_train_normal_0427_wt_50.wav,149.09521138874493
section_04_source_train_normal_0428_wt_100.wav,100.39189700076402
section_04_source_train_normal_0429_wt_100.wav,103.69394001873859
section_04_source_train_normal_0430_wt_100.wav,86.24868133425085
section_04_source_train_normal_0431_wt_150.wav,197.87552716634195
section_04_source_train_normal_0432_wt_0.wav,120.8441255957696
section_04_source_train_normal_0433_wt_50.wav,106.6196935228793
section_04_source_train_normal_0434_wt_50.wav,142.95353867660566
section_04_source_train_normal_0435_wt_150.wav,111.78625548351043
section_04_source_train_normal_0436_wt_150.wav,220.2875412064821
section_04_source_train_normal_0437_wt_100.wav,204.4654519793308
section_04_source_train_normal_0438_wt_150.wav,105.56771754885814
section_04_source_train_normal_0439_wt_50.wav,284.32698613276324
section_04_source_train_normal_0440_wt_100.wav,144.47171161990218
section_04_source_train_normal_0441_wt_150.wav,106.78994324034294
section_04_source_train_normal_0442_wt_100.wav,145.31996226795178
section_04_source_train_normal_0443_wt_100.wav,194.42184621148
section_04_source_train_normal_0444_wt_0.wav,150.49797047578068
section_04_source_train_normal_0445_wt_100.wav,69.16654175808452
section_04_source_train_normal_0446_wt_0.wav,91.14117914964913
section_04_source_train_normal_0447_wt_200.wav,105.94248430379169
section_04_source_train_normal_0448_wt_100.wav,113.98276831777402
section_04_source_train_normal_0449_wt_100.wav,119.03988987946347
section_04_source_train_normal_0450_wt_0.wav,107.24542528665934
section_04_source_train_normal_0451_wt_150.wav,118.40159348145453
section_04_source_train_normal_0452_wt_0.wav,109.93633753244278
section_04_source_train_normal_0453_wt_50.wav,214.8334555834955
section_04_source_train_normal_0454_wt_50.wav,236.525038897858
section_04_source_train_normal_0455_wt_150.wav,195.20395461451488
section_04_source_train_normal_0456_wt_50.wav,97.52974961232725
section_04_source_train_normal_0457_wt_100.wav,81.39555362350569
section_04_source_train_normal_0458_wt_50.wav,180.69093160915486
section_04_source_train_normal_0459_wt_0.wav,99.77848326542589
section_04_source_train_normal_0460_wt_200.wav,74.78752679544147
section_04_source_train_normal_0461_wt_0.wav,99.9693421959257
section_04_source_train_normal_0462_wt_50.wav,107.80643591405295
section_04_source_train_normal_0463_wt_100.wav,104.23481831176757
section_04_source_train_normal_0464_wt_150.wav,131.36811136048084
section_04_source_train_normal_0465_wt_50.wav,107.16225994946596
section_04_source_train_normal_0466_wt_150.wav,145.64407451162657
section_04_source_train_normal_0467_wt_100.wav,113.65939645865096
section_04_source_train_normal_0468_wt_50.wav,98.29112647631722
section_04_source_train_normal_0469_wt_150.wav,98.81227828642001
section_04_source_train_normal_0470_wt_0.wav,83.05802223890572
section_04_source_train_normal_0471_wt_50.wav,62.79246884677272
section_04_source_train_normal_0472_wt_0.wav,102.6146209986958
section_04_source_train_normal_0473_wt_150.wav,55.23150948359188
section_04_source_train_normal_0474_wt_200.wav,107.29164079942528
section_04_source_train_normal_0475_wt_50.wav,81.01776863580969
section_04_source_train_normal_0476_wt_50.wav,86.41175716889339
section_04_source_train_normal_0477_wt_150.wav,74.02321893973772
section_04_source_train_normal_0478_wt_100.wav,115.14349854246346
section_04_source_train_normal_0479_wt_150.wav,104.2264154795743
section_04_source_train_normal_0480_wt_50.wav,119.02571283282349
section_04_source_train_normal_0481_wt_200.wav,123.23026718960368
section_04_source_train_normal_0482_wt_150.wav,106.7856361860443
section_04_source_train_normal_0483_wt_150.wav,62.68122493616991
section_04_source_train_normal_0484_wt_100.wav,65.93976445214881
section_04_source_train_normal_0485_wt_150.wav,83.60695831594143
section_04_source_train_normal_0486_wt_50.wav,124.13907359002017
section_04_source_train_normal_0487_wt_150.wav,172.38600065680856
section_04_source_train_normal_0488_wt_50.wav,201.00281046474396
section_04_source_train_normal_0489_wt_100.wav,138.93767057605567
section_04_source_train_normal_0490_wt_150.wav,135.79075269824511
section_04_source_train_normal_0491_wt_0.wav,93.51178335971412
section_04_source_train_normal_0492_wt_150.wav,156.9257696202352
section_04_source_train_normal_0493_wt_150.wav,131.96834722960295
section_04_source_train_normal_0494_wt_200.wav,181.65722135779583
section_04_source_train_normal_0495_wt_0.wav,167.52586295493074
section_04_source_train_normal_0496_wt_100.wav,135.96756414885192
section_04_source_train_normal_0497_wt_50.wav,106.12751726368826
section_04_source_train_normal_0498_wt_150.wav,121.70549285325158
section_04_source_train_normal_0499_wt_100.wav,137.37754627457406
section_04_source_train_normal_0500_wt_150.wav,115.72955238739097
section_04_source_train_normal_0501_wt_150.wav,103.00521085330196
section_04_source_train_normal_0502_wt_200.wav,158.03315852326426
section_04_source_train_normal_0503_wt_150.wav,187.4591368183804
section_04_source_train_normal_0504_wt_150.wav,187.7880129557164
section_04_source_train_normal_0505_wt_0.wav,106.00732424820622
section_04_source_train_normal_0506_wt_150.wav,147.61184262051012
section_04_source_train_normal_0507_wt_100.wav,130.94537292834588
section_04_source_train_normal_0508_wt_100.wav,186.37494371926886
section_04_source_train_normal_0509_wt_0.wav,115.19486411259629
section_04_source_train_normal_0510_wt_100.wav,94.0244847193959
section_04_source_train_normal_0511_wt_150.wav,133.91176327509942
section_04_source_train_normal_0512_wt_50.wav,159.63536993119538
section_04_source_train_normal_0513_wt_100.wav,95.00446925108656
section_04_source_train_normal_0514_wt_200.wav,157.40643130305216
section_04_source_train_normal_0515_wt_0.wav,146.6024558237989
section_04_source_train_normal_0516_wt_150.wav,143.63124205666503
section_04_source_train_normal_0517_wt_150.wav,123.46622920336345
section_04_source_train_normal_0518_wt_200.wav,124.04454217190953
section_04_source_train_normal_0519_wt_0.wav,68.14858875003856
section_04_source_train_normal_0520_wt_150.wav,159.04216585274617
section_04_source_train_normal_0521_wt_200.wav,116.87163214188608
section_04_source_train_normal_0522_wt_50.wav,138.5678819272432
section_04_source_train_normal_0523_wt_0.wav,264.5800101895215
section_04_source_train_normal_0524_wt_100.wav,88.5607613579084
section_04_source_train_normal_0525_wt_50.wav,138.15507369812764
section_04_source_train_normal_0526_wt_150.wav,112.06670867228921
section_04_source_train_normal_0527_wt_100.wav,142.06478142478204
section_04_source_train_normal_0528_wt_0.wav,92.49246681430986
section_04_source_train_normal_0529_wt_0.wav,102.75017129662884
section_04_source_train_normal_0530_wt_200.wav,99.22623348398658
section_04_source_train_normal_0531_wt_100.wav,108.75562476963172
section_04_source_train_normal_0532_wt_50.wav,152.76407933818638
section_04_source_train_normal_0533_wt_200.wav,92.89683211747877
section_04_source_train_normal_0534_wt_50.wav,187.17100829477636
section_04_source_train_normal_0535_wt_100.wav,67.85560654812065
section_04_source_train_normal_0536_wt_150.wav,102.59076546848051
section_04_source_train_normal_0537_wt_0.wav,62.313238063565166
section_04_source_train_normal_0538_wt_50.wav,121.42676888895657
section_04_source_train_normal_0539_wt_50.wav,139.73968909625341
section_04_source_train_normal_0540_wt_0.wav,79.27576005388585
section_04_source_train_normal_0541_wt_50.wav,74.92061112769778
section_04_source_train_normal_0542_wt_200.wav,83.49126657969339
section_04_source_train_normal_0543_wt_0.wav,126.17047906068645
section_04_source_train_normal_0544_wt_100.wav,107.10298505075743
section_04_source_train_normal_0545_wt_100.wav,160.2789462051826
section_04_source_train_normal_0546_wt_50.wav,214.08538119041089
section_04_source_train_normal_0547_wt_100.wav,157.04332315552415
section_04_source_train_normal_0548_wt_150.wav,254.03815389380634
section_04_source_train_normal_0549_wt_100.wav,381.1030924043179
section_04_source_train_normal_0550_wt_200.wav,205.86057145419335
section_04_source_train_normal_0551_wt_50.wav,174.62894711869876
section_04_source_train_normal_0552_wt_100.wav,105.82007938704173
section_04_source_train_normal_0553_wt_0.wav,158.47721168807016
section_04_source_train_normal_0554_wt_200.wav,139.17344665456181
section_04_source_train_normal_0555_wt_150.wav,101.62403321335147
section_04_source_train_normal_0556_wt_0.wav,110.27752557797707
section_04_source_train_normal_0557_wt_150.wav,313.88193236400406
section_04_source_train_normal_0558_wt_50.wav,92.92119262914132
section_04_source_train_normal_0559_wt_100.wav,253.68094296652578
section_04_source_train_normal_0560_wt_150.wav,188.87095827739137
section_04_source_train_normal_0561_wt_200.wav,106.20182555199104
section_04_source_train_normal_0562_wt_0.wav,136.59665357772872
section_04_source_train_normal_0563_wt_200.wav,95.55007943630443
section_04_source_train_normal_0564_wt_0.wav,87.4148474229149
section_04_source_train_normal_0565_wt_150.wav,166.0157939870349
section_04_source_train_normal_0566_wt_150.wav,95.40219311555417
section_04_source_train_normal_0567_wt_100.wav,103.96604412124888
section_04_source_train_normal_0568_wt_100.wav,107.28583005094758
section_04_source_train_normal_0569_wt_50.wav,112.10625732729221
section_04_source_train_normal_0570_wt_50.wav,101.45714256282459
section_04_source_train_normal_0571_wt_200.wav,162.08410018390026
section_04_source_train_normal_0572_wt_50.wav,135.64913755465597
section_04_source_train_normal_0573_wt_200.wav,112.62341406336152
section_04_source_train_normal_0574_wt_200.wav,94.15409828382798
section_04_source_train_normal_0575_wt_200.wav,135.87898524985877
section_04_source_train_normal_0576_wt_200.wav,252.1781828872601
section_04_source_train_normal_0577_wt_0.wav,102.99534069379011
section_04_source_train_normal_0578_wt_50.wav,99.13556488355503
section_04_source_train_normal_0579_wt_0.wav,152.0391964626723
section_04_source_train_normal_0580_wt_100.wav,100.52951683842933
section_04_source_train_normal_0581_wt_100.wav,134.46776232252978
section_04_source_train_normal_0582_wt_0.wav,99.92604983404958
section_04_source_train_normal_0583_wt_150.wav,107.17443811230248
section_04_source_train_normal_0584_wt_50.wav,76.63559504767653
section_04_source_train_normal_0585_wt_0.wav,187.14778968387174
section_04_source_train_normal_0586_wt_200.wav,111.2157910039985
section_04_source_train_normal_0587_wt_50.wav,175.19103282783323
section_04_source_train_normal_0588_wt_50.wav,128.3807458347378
section_04_source_train_normal_0589_wt_200.wav,75.80143953508724
section_04_source_train_normal_0590_wt_150.wav,181.93306568756253
section_04_source_train_normal_0591_wt_100.wav,142.00549631563678
section_04_source_train_normal_0592_wt_50.wav,149.96477041888562
section_04_source_train_normal_0593_wt_0.wav,150.25570530532178
section_04_source_train_normal_0594_wt_150.wav,114.52685233521485
section_04_source_train_normal_0595_wt_0.wav,111.88198275486705
section_04_source_train_normal_0596_wt_200.wav,180.0847375267595
section_04_source_train_normal_0597_wt_50.wav,129.93589127702495
section_04_source_train_normal_0598_wt_100.wav,147.766631857277
section_04_source_train_normal_0599_wt_100.wav,169.900709356456
section_04_source_train_normal_0600_wt_50.wav,157.03737371892743
section_04_source_train_normal_0601_wt_150.wav,125.12276457245231
section_04_source_train_normal_0602_wt_200.wav,139.59323358277538
section_04_source_train_normal_0603_wt_0.wav,203.10249883767784
section_04_source_train_normal_0604_wt_100.wav,123.51607693377983
section_04_source_train_normal_0605_wt_100.wav,132.8599244728947
section_04_source_train_normal_0606_wt_0.wav,77.1305654195115
section_04_source_train_normal_0607_wt_50.wav,99.41495604018614
section_04_source_train_normal_0608_wt_50.wav,84.56331789756734
section_04_source_train_normal_0609_wt_150.wav,146.1057302816668
section_04_source_train_normal_0610_wt_100.wav,264.13043875369954
section_04_source_train_normal_0611_wt_100.wav,103.65789881933797
section_04_source_train_normal_0612_wt_100.wav,177.69457189491914
section_04_source_train_normal_0613_wt_50.wav,141.05655809554662
section_04_source_train_normal_0614_wt_50.wav,162.3562980834874
section_04_source_train_normal_0615_wt_0.wav,166.92937157799588
section_04_source_train_normal_0616_wt_50.wav,122.04917475177653
section_04_source_train_normal_0617_wt_50.wav,105.18946224935928
section_04_source_train_normal_0618_wt_150.wav,152.11163678991682
section_04_source_train_normal_0619_wt_50.wav,119.94897802943568
section_04_source_train_normal_0620_wt_0.wav,60.94854713387579
section_04_source_train_normal_0621_wt_200.wav,112.36825469089864
section_04_source_train_normal_0622_wt_0.wav,79.42580149331076
section_04_source_train_normal_0623_wt_150.wav,108.29685895495798
section_04_source_train_normal_0624_wt_100.wav,100.1087741142954
section_04_source_train_normal_0625_wt_100.wav,94.83875050889512
section_04_source_train_normal_0626_wt_150.wav,146.0580976112961
section_04_source_train_normal_0627_wt_50.wav,167.43850025891987
section_04_source_train_normal_0628_wt_100.wav,134.8134655482823
section_04_source_train_normal_0629_wt_150.wav,183.59502764183156
section_04_source_train_normal_0630_wt_0.wav,102.16781709495119
section_04_source_train_normal_0631_wt_200.wav,222.8964702080376
section_04_source_train_normal_0632_wt_100.wav,78.37543458240353
section_04_source_train_normal_0633_wt_150.wav,117.05795938025068
section_04_source_train_normal_0634_wt_150.wav,77.12205599750257
section_04_source_train_normal_0635_wt_0.wav,184.47189890817378
section_04_source_train_normal_0636_wt_0.wav,112.84319005718554
section_04_source_train_normal_0637_wt_150.wav,69.60412115135998
section_04_source_train_normal_0638_wt_0.wav,92.5096696183032
section_04_source_train_normal_0639_wt_50.wav,153.3395112074864
section_04_source_train_normal_0640_wt_100.wav,85.15340590758473
section_04_source_train_normal_0641_wt_100.wav,89.14745884119333
section_04_source_train_normal_0642_wt_0.wav,137.72576621082925
section_04_source_train_normal_0643_wt_200.wav,101.59937942632676
section_04_source_train_normal_0644_wt_150.wav,112.07830129597856
section_04_source_train_normal_0645_wt_0.wav,168.76977799023553
section_04_source_train_normal_0646_wt_200.wav,124.64778340105313
section_04_source_train_normal_0647_wt_200.wav,131.1406083545158
section_04_source_train_normal_0648_wt_200.wav,176.54641313535586
section_04_source_train_normal_0649_wt_50.wav,169.7210138564156
section_04_source_train_normal_0650_wt_0.wav,109.58495961347104
section_04_source_train_normal_0651_wt_100.wav,227.22147244654667
section_04_source_train_normal_0652_wt_50.wav,104.4585717174188
section_04_source_train_normal_0653_wt_0.wav,120.44102547250661
section_04_source_train_normal_0654_wt_100.wav,59.31164693150359
section_04_source_train_normal_0655_wt_0.wav,100.80270543062794
section_04_source_train_normal_0656_wt_50.wav,116.864378526831
section_04_source_train_normal_0657_wt_200.wav,78.38314049904079
section_04_source_train_normal_0658_wt_200.wav,128.00106158830386
section_04_source_train_normal_0659_wt_50.wav,105.78990041360014
section_04_source_train_normal_0660_wt_0.wav,125.7147182336917
section_04_source_train_normal_0661_wt_200.wav,150.6580625462134
section_04_source_train_normal_0662_wt_0.wav,141.10072289871238
section_04_source_train_normal_0663_wt_0.wav,105.3847302159301
section_04_source_train_normal_0664_wt_150.wav,150.15436978718918
section_04_source_train_normal_0665_wt_50.wav,41.7899058704746
section_04_source_train_normal_0666_wt_100.wav,68.11617309482892
section_04_source_train_normal_0667_wt_50.wav,168.90034179506154
section_04_source_train_normal_0668_wt_50.wav,89.61200917356396
section_04_source_train_normal_0669_wt_200.wav,109.72335974480426
section_04_source_train_normal_0670_wt_0.wav,108.96989489271623
section_04_source_train_normal_0671_wt_200.wav,61.75126002174366
section_04_source_train_normal_0672_wt_100.wav,189.6888374031514
section_04_source_train_normal_0673_wt_150.wav,229.84656676545796
section_04_source_train_normal_0674_wt_50.wav,144.67210156498487
section_04_source_train_normal_0675_wt_100.wav,134.49920092936782
section_04_source_train_normal_0676_wt_0.wav,197.3180603313757
section_04_source_train_normal_0677_wt_100.wav,162.7812735515214
section_04_source_train_normal_0678_wt_0.wav,172.27338777143638
section_04_source_train_normal_0679_wt_100.wav,158.14032272961964
section_04_source_train_normal_0680_wt_0.wav,98.85197300140408
section_04_source_train_normal_0681_wt_0.wav,198.5721851883622
section_04_source_train_normal_0682_wt_50.wav,73.08586414392357
section_04_source_train_normal_0683_wt_200.wav,110.86622917618818
section_04_source_train_normal_0684_wt_100.wav,119.62568952825488
section_04_source_train_normal_0685_wt_150.wav,143.53965850192895
section_04_source_train_normal_0686_wt_0.wav,149.1514956635263
section_04_source_train_normal_0687_wt_50.wav,114.84960608377465
section_04_source_train_normal_0688_wt_200.wav,155.36064904912496
section_04_source_train_normal_0689_wt_200.wav,103.98864539039685
section_04_source_train_normal_0690_wt_150.wav,121.67258942355436
section_04_source_train_normal_0691_wt_200.wav,107.35676785491894
section_04_source_train_normal_0692_wt_100.wav,113.6704952246581
section_04_source_train_normal_0693_wt_0.wav,206.47518113270746
section_04_source_train_normal_0694_wt_0.wav,51.12982731038889
section_04_source_train_normal_0695_wt_100.wav,112.26366333442643
section_04_source_train_normal_0696_wt_50.wav,101.66382433440778
section_04_source_train_normal_0697_wt_200.wav,107.31312781448798
section_04_source_train_normal_0698_wt_200.wav,164.59537019870976
section_04_source_train_normal_0699_wt_0.wav,119.92407874991518
section_04_source_train_normal_0700_wt_200.wav,163.19418807112936
section_04_source_train_normal_0701_wt_100.wav,246.12498456144675
section_04_source_train_normal_0702_wt_200.wav,104.457431858433
section_04_source_train_normal_0703_wt_150.wav,135.64435982935248
section_04_source_train_normal_0704_wt_100.wav,105.52151433032803
section_04_source_train_normal_0705_wt_150.wav,119.63420970529945
section_04_source_train_normal_0706_wt_0.wav,108.80049898206111
section_04_source_train_normal_0707_wt_0.wav,84.38703253491207
section_04_source_train_normal_0708_wt_150.wav,171.9432426911086
section_04_source_train_normal_0709_wt_150.wav,122.14948260416382
section_04_source_train_normal_0710_wt_100.wav,104.84591073979543
section_04_source_train_normal_0711_wt_150.wav,342.01034066435835
section_04_source_train_normal_0712_wt_100.wav,178.00271017690392
section_04_source_train_normal_0713_wt_100.wav,112.56564637200579
section_04_source_train_normal_0714_wt_0.wav,71.08442164513869
section_04_source_train_normal_0715_wt_150.wav,146.80678978377995
section_04_source_train_normal_0716_wt_0.wav,111.79379251074333
section_04_source_train_normal_0717_wt_100.wav,143.37023372648434
section_04_source_train_normal_0718_wt_150.wav,105.9023403402126
section_04_source_train_normal_0719_wt_200.wav,108.59783004666075
section_04_source_train_normal_0720_wt_50.wav,102.85288388050297
section_04_source_train_normal_0721_wt_200.wav,123.929395783618
section_04_source_train_normal_0722_wt_150.wav,132.01817052520676
section_04_source_train_normal_0723_wt_0.wav,127.69049035321594
section_04_source_train_normal_0724_wt_0.wav,161.50207335547998
section_04_source_train_normal_0725_wt_0.wav,103.8957633924132
section_04_source_train_normal_0726_wt_100.wav,140.18779274570647
section_04_source_train_normal_0727_wt_150.wav,162.90604299686333
section_04_source_train_normal_0728_wt_50.wav,118.19580754758289
section_04_source_train_normal_0729_wt_150.wav,175.78747170175507
section_04_source_train_normal_0730_wt_50.wav,98.34213419972112
section_04_source_train_normal_0731_wt_200.wav,156.01873245701472
section_04_source_train_normal_0732_wt_100.wav,268.28052666625297
section_04_source_train_normal_0733_wt_150.wav,112.34659169197924
section_04_source_train_normal_0734_wt_150.wav,101.08810287201881
section_04_source_train_normal_0735_wt_0.wav,180.43434557156377
section_04_source_train_normal_0736_wt_150.wav,102.4190095083655
section_04_source_train_normal_0737_wt_50.wav,240.35602963003487
section_04_source_train_normal_0738_wt_150.wav,201.2300850373901
section_04_source_train_normal_0739_wt_100.wav,71.17375262882555
section_04_source_train_normal_0740_wt_200.wav,127.35175852161196
section_04_source_train_normal_0741_wt_50.wav,137.72726589100938
section_04_source_train_normal_0742_wt_50.wav,162.1848096789098
section_04_source_train_normal_0743_wt_0.wav,109.11245362084382
section_04_source_train_normal_0744_wt_200.wav,123.57028068715486
section_04_source_train_normal_0745_wt_100.wav,119.07322947248126
section_04_source_train_normal_0746_wt_200.wav,90.06351741715423
section_04_source_train_normal_0747_wt_0.wav,108.80081178053284
section_04_source_train_normal_0748_wt_50.wav,145.54051028694045
section_04_source_train_normal_0749_wt_150.wav,235.5675722548424
section_04_source_train_normal_0750_wt_0.wav,102.20713546240349
section_04_source_train_normal_0751_wt_100.wav,298.7305883001259
section_04_source_train_normal_0752_wt_0.wav,121.94452032016967
section_04_source_train_normal_0753_wt_200.wav,229.19306567298895
section_04_source_train_normal_0754_wt_50.wav,117.80133297825664
section_04_source_train_normal_0755_wt_0.wav,140.39675489606094
section_04_source_train_normal_0756_wt_50.wav,132.03439689527522
section_04_source_train_normal_0757_wt_200.wav,185.893902348817
section_04_source_train_normal_0758_wt_200.wav,116.7865408584173
section_04_source_train_normal_0759_wt_50.wav,118.58952841103734
section_04_source_train_normal_0760_wt_50.wav,107.86599755819415
section_04_source_train_normal_0761_wt_200.wav,146.58549860550698
section_04_source_train_normal_0762_wt_200.wav,103.67455657046874
section_04_source_train_normal_0763_wt_200.wav,128.6426559633074
section_04_source_train_normal_0764_wt_100.wav,106.35724333168672
section_04_source_train_normal_0765_wt_200.wav,119.51052536129608
section_04_source_train_normal_0766_wt_100.wav,217.7330909018591
section_04_source_train_normal_0767_wt_150.wav,109.84225240914706
section_04_source_train_normal_0768_wt_200.wav,93.28041873476434
section_04_source_train_normal_0769_wt_0.wav,126.65996183876005
section_04_source_train_normal_0770_wt_100.wav,135.25719309198576
section_04_source_train_normal_0771_wt_50.wav,103.49056002631748
section_04_source_train_normal_0772_wt_200.wav,127.82424907631075
section_04_source_train_normal_0773_wt_0.wav,100.52444244524686
section_04_source_train_normal_0774_wt_200.wav,245.72203868358758
section_04_source_train_normal_0775_wt_200.wav,108.30666708248684
section_04_source_train_normal_0776_wt_200.wav,98.8653122327254
section_04_source_train_normal_0777_wt_200.wav,122.2344016334876
section_04_source_train_normal_0778_wt_0.wav,63.301244472695544
section_04_source_train_normal_0779_wt_150.wav,97.308953897866
section_04_source_train_normal_0780_wt_150.wav,115.22624184668689
section_04_source_train_normal_0781_wt_200.wav,153.8986069258724
section_04_source_train_normal_0782_wt_150.wav,64.79991571480929
section_04_source_train_normal_0783_wt_100.wav,104.5663236907648
section_04_source_train_normal_0784_wt_0.wav,126.25799657070887
section_04_source_train_normal_0785_wt_200.wav,164.29476909001528
section_04_source_train_normal_0786_wt_200.wav,109.86723190061791
section_04_source_train_normal_0787_wt_50.wav,128.99236542596105
section_04_source_train_normal_0788_wt_50.wav,135.00496805827896
section_04_source_train_normal_0789_wt_0.wav,118.6040642275281
section_04_source_train_normal_0790_wt_50.wav,121.43136071653375
section_04_source_train_normal_0791_wt_50.wav,117.41498782262646
section_04_source_train_normal_0792_wt_0.wav,113.47310658119675
section_04_source_train_normal_0793_wt_150.wav,226.94788216727733
section_04_source_train_normal_0794_wt_200.wav,258.16851641587056
section_04_source_train_normal_0795_wt_200.wav,122.53865997850762
section_04_source_train_normal_0796_wt_200.wav,98.68370433208116
section_04_source_train_normal_0797_wt_200.wav,117.43959737728339
section_04_source_train_normal_0798_wt_200.wav,85.43414336866604
section_04_source_train_normal_0799_wt_50.wav,129.5728367180776
section_04_source_train_normal_0800_wt_200.wav,174.08649405332733
section_04_source_train_normal_0801_wt_150.wav,102.97499522836675
section_04_source_train_normal_0802_wt_200.wav,104.74638548068297
section_04_source_train_normal_0803_wt_50.wav,147.3213523019707
section_04_source_train_normal_0804_wt_200.wav,118.7607357466075
section_04_source_train_normal_0805_wt_150.wav,193.70367871575883
section_04_source_train_normal_0806_wt_0.wav,105.16489769523146
section_04_source_train_normal_0807_wt_0.wav,188.6493003720406
section_04_source_train_normal_0808_wt_150.wav,154.62478293013095
section_04_source_train_normal_0809_wt_50.wav,88.13009101531838
section_04_source_train_normal_0810_wt_150.wav,89.56969192406916
section_04_source_train_normal_0811_wt_200.wav,102.29547353259547
section_04_source_train_normal_0812_wt_150.wav,181.5759989481819
section_04_source_train_normal_0813_wt_100.wav,122.43146001180487
section_04_source_train_normal_0814_wt_200.wav,90.68430805409562
section_04_source_train_normal_0815_wt_0.wav,395.01865959903813
section_04_source_train_normal_0816_wt_0.wav,108.20590930576965
section_04_source_train_normal_0817_wt_50.wav,83.1114283339817
section_04_source_train_normal_0818_wt_200.wav,133.4648127880377
section_04_source_train_normal_0819_wt_0.wav,98.71614732194276
section_04_source_train_normal_0820_wt_150.wav,132.4652064870454
section_04_source_train_normal_0821_wt_150.wav,296.849274964302
section_04_source_train_normal_0822_wt_200.wav,126.46945720114773
section_04_source_train_normal_0823_wt_150.wav,111.74799659054435
section_04_source_train_normal_0824_wt_50.wav,129.88839780214954
section_04_source_train_normal_0825_wt_150.wav,116.06561258958772
section_04_source_train_normal_0826_wt_50.wav,213.78880208564385
section_04_source_train_normal_0827_wt_100.wav,105.58971957495014
section_04_source_train_normal_0828_wt_0.wav,102.72297561330912
section_04_source_train_normal_0829_wt_150.wav,91.01437144917946
section_04_source_train_normal_0830_wt_0.wav,163.68268052907064
section_04_source_train_normal_0831_wt_100.wav,179.12150817702388
section_04_source_train_normal_0832_wt_100.wav,140.85604982083072
section_04_source_train_normal_0833_wt_200.wav,107.71075815829327
section_04_source_train_normal_0834_wt_100.wav,140.18104071189447
section_04_source_train_normal_0835_wt_150.wav,102.2025424270279
section_04_source_train_normal_0836_wt_100.wav,266.9674773197514
section_04_source_train_normal_0837_wt_150.wav,145.42046162214564
section_04_source_train_normal_0838_wt_50.wav,147.43499436826175
section_04_source_train_normal_0839_wt_100.wav,97.41386247498745
section_04_source_train_normal_0840_wt_0.wav,142.28973684595707
section_04_source_train_normal_0841_wt_50.wav,114.24457130681367
section_04_source_train_normal_0842_wt_200.wav,249.05952118168835
section_04_source_train_normal_0843_wt_100.wav,95.39828072705926
section_04_source_train_normal_0844_wt_0.wav,114.73528549807367
section_04_source_train_normal_0845_wt_100.wav,156.4322168799959
section_04_source_train_normal_0846_wt_150.wav,105.46290048629481
section_04_source_train_normal_0847_wt_200.wav,107.77344825757213
section_04_source_train_normal_0848_wt_0.wav,55.30740776169952
section_04_source_train_normal_0849_wt_50.wav,227.47908380238903
section_04_source_train_normal_0850_wt_150.wav,350.52901788030687
section_04_source_train_normal_0851_wt_200.wav,145.73291854206514
section_04_source_train_normal_0852_wt_100.wav,285.1582738221554
section_04_source_train_normal_0853_wt_50.wav,59.741227567478205
section_04_source_train_normal_0854_wt_200.wav,111.25728271338947
section_04_source_train_normal_0855_wt_100.wav,106.29575825336097
section_04_source_train_normal_0856_wt_150.wav,94.96530938023793
section_04_source_train_normal_0857_wt_200.wav,122.08834889188758
section_04_source_train_normal_0858_wt_150.wav,99.27427414133881
section_04_source_train_normal_0859_wt_200.wav,104.61944683838819
section_04_source_train_normal_0860_wt_0.wav,103.10743848681737
section_04_source_train_normal_0861_wt_200.wav,159.57235493479055
section_04_source_train_normal_0862_wt_0.wav,107.85044157478445
section_04_source_train_normal_0863_wt_100.wav,172.7273957975832
section_04_source_train_normal_0864_wt_0.wav,104.0240512116802
section_04_source_train_normal_0865_wt_50.wav,151.2066969637669
section_04_source_train_normal_0866_wt_150.wav,161.79719272802703
section_04_source_train_normal_0867_wt_150.wav,176.82537589493052
section_04_source_train_normal_0868_wt_150.wav,164.4225002920955
section_04_source_train_normal_0869_wt_50.wav,208.91611623055365
section_04_source_train_normal_0870_wt_0.wav,171.05050528118073
section_04_source_train_normal_0871_wt_0.wav,128.60315248534846
section_04_source_train_normal_0872_wt_200.wav,100.9104347254537
section_04_source_train_normal_0873_wt_100.wav,110.17544871103091
section_04_source_train_normal_0874_wt_0.wav,100.49301399933064
section_04_source_train_normal_0875_wt_100.wav,102.54219177590024
section_04_source_train_normal_0876_wt_0.wav,113.48011376647112
section_04_source_train_normal_0877_wt_200.wav,114.98605725617956
section_04_source_train_normal_0878_wt_150.wav,107.92914997116672
section_04_source_train_normal_0879_wt_100.wav,121.30429898446796
section_04_source_train_normal_0880_wt_100.wav,105.07225611919668
section_04_source_train_normal_0881_wt_100.wav,89.80989570250591
section_04_source_train_normal_0882_wt_0.wav,55.96465040945651
section_04_source_train_normal_0883_wt_50.wav,157.33600934655482
section_04_source_train_normal_0884_wt_0.wav,106.408238993323
section_04_source_train_normal_0885_wt_150.wav,128.75582975158238
section_04_source_train_normal_0886_wt_100.wav,92.5458746591982
section_04_source_train_normal_0887_wt_50.wav,126.64725433986736
section_04_source_train_normal_0888_wt_200.wav,180.99148051345622
section_04_source_train_normal_0889_wt_150.wav,150.74755218028713
section_04_source_train_normal_0890_wt_100.wav,127.37696066784817
section_04_source_train_normal_0891_wt_200.wav,128.93908188744052
section_04_source_train_normal_0892_wt_0.wav,196.86639307422337
section_04_source_train_normal_0893_wt_200.wav,150.5190322117342
section_04_source_train_normal_0894_wt_100.wav,137.65846724495327
section_04_source_train_normal_0895_wt_50.wav,70.24248189994768
section_04_source_train_normal_0896_wt_150.wav,230.76605263016927
section_04_source_train_normal_0897_wt_100.wav,80.44677074129572
section_04_source_train_normal_0898_wt_0.wav,168.2880538959502
section_04_source_train_normal_0899_wt_100.wav,119.1854991658425
section_04_source_train_normal_0900_wt_50.wav,96.09570203305604
section_04_source_train_normal_0901_wt_50.wav,114.96175137026505
section_04_source_train_normal_0902_wt_0.wav,81.96611256199111
section_04_source_train_normal_0903_wt_0.wav,135.16507158107873
section_04_source_train_normal_0904_wt_100.wav,118.90727670503456
section_04_source_train_normal_0905_wt_50.wav,127.81913249515854
section_04_source_train_normal_0906_wt_200.wav,121.12504914160947
section_04_source_train_normal_0907_wt_200.wav,103.37385082766632
section_04_source_train_normal_0908_wt_150.wav,174.4522124257229
section_04_source_train_normal_0909_wt_0.wav,106.14404173832499
section_04_source_train_normal_0910_wt_100.wav,83.39290075216547
section_04_source_train_normal_0911_wt_200.wav,145.17665187196064
section_04_source_train_normal_0912_wt_100.wav,180.8022733472614
section_04_source_train_normal_0913_wt_50.wav,84.01073783189355
section_04_source_train_normal_0914_wt_50.wav,146.32391499296904
section_04_source_train_normal_0915_wt_200.wav,112.75485178689347
section_04_source_train_normal_0916_wt_150.wav,179.12976749238294
section_04_source_train_normal_0917_wt_200.wav,136.51960628468362
section_04_source_train_normal_0918_wt_150.wav,105.41824402440294
section_04_source_train_normal_0919_wt_100.wav,121.56182484465425
section_04_source_train_normal_0920_wt_50.wav,97.23338231697123
section_04_source_train_normal_0921_wt_50.wav,108.61945992129368
section_04_source_train_normal_0922_wt_100.wav,106.29788634313742
section_04_source_train_normal_0923_wt_100.wav,104.5334024470689
section_04_source_train_normal_0924_wt_150.wav,147.47155589096724
section_04_source_train_normal_0925_wt_200.wav,219.547071783102
section_04_source_train_normal_0926_wt_150.wav,119.99830777402065
section_04_source_train_normal_0927_wt_150.wav,127.45151533152197
section_04_source_train_normal_0928_wt_150.wav,93.72562026560428
section_04_source_train_normal_0929_wt_200.wav,106.27958644727751
section_04_source_train_normal_0930_wt_200.wav,110.67468953293714
section_04_source_train_normal_0931_wt_0.wav,104.50158709622683
section_04_source_train_normal_0932_wt_100.wav,111.84898604597866
section_04_source_train_normal_0933_wt_150.wav,133.54895217583436
section_04_source_train_normal_0934_wt_150.wav,61.872562776121185
section_04_source_train_normal_0935_wt_50.wav,179.58633825573298
section_04_source_train_normal_0936_wt_150.wav,214.9110641362318
section_04_source_train_normal_0937_wt_200.wav,78.02659636856913
section_04_source_train_normal_0938_wt_100.wav,133.53199974394
section_04_source_train_normal_0939_wt_0.wav,73.87441451384376
section_04_source_train_normal_0940_wt_200.wav,146.15145633927023
section_04_source_train_normal_0941_wt_100.wav,151.66715842486883
section_04_source_train_normal_0942_wt_50.wav,135.39350422421336
section_04_source_train_normal_0943_wt_0.wav,101.5768416371428
section_04_source_train_normal_0944_wt_200.wav,163.8323277688308
section_04_source_train_normal_0945_wt_150.wav,108.86923471945751
section_04_source_train_normal_0946_wt_100.wav,99.43308740788744
section_04_source_train_normal_0947_wt_150.wav,62.20697798567426
section_04_source_train_normal_0948_wt_150.wav,72.30850036273685
section_04_source_train_normal_0949_wt_150.wav,102.47491478410363
section_04_source_train_normal_0950_wt_150.wav,72.67937893437647
section_04_source_train_normal_0951_wt_100.wav,214.91589816400187
section_04_source_train_normal_0952_wt_150.wav,111.48282696218158
section_04_source_train_normal_0953_wt_100.wav,211.1534508137247
section_04_source_train_normal_0954_wt_0.wav,104.48376642700117
section_04_source_train_normal_0955_wt_100.wav,101.37695988602225
section_04_source_train_normal_0956_wt_200.wav,116.9481541551978
section_04_source_train_normal_0957_wt_200.wav,186.34526844840906
section_04_source_train_normal_0958_wt_200.wav,120.74093971540923
section_04_source_train_normal_0959_wt_200.wav,124.29157078765873
section_04_source_train_normal_0960_wt_0.wav,78.04973782995935
section_04_source_train_normal_0961_wt_0.wav,134.02969917426407
section_04_source_train_normal_0962_wt_200.wav,105.14319202438173
section_04_source_train_normal_0963_wt_150.wav,176.47262705311056
section_04_source_train_normal_0964_wt_200.wav,78.1998688789617
section_04_source_train_normal_0965_wt_150.wav,104.07055369154374
section_04_source_train_normal_0966_wt_50.wav,155.1519223203565
section_04_source_train_normal_0967_wt_0.wav,103.15318776379694
section_04_source_train_normal_0968_wt_200.wav,123.7701490102851
section_04_source_train_normal_0969_wt_150.wav,280.38032968959993
section_04_source_train_normal_0970_wt_100.wav,101.9152700936632
section_04_source_train_normal_0971_wt_50.wav,108.09290790622805
section_04_source_train_normal_0972_wt_200.wav,103.74493327615984
section_04_source_train_normal_0973_wt_100.wav,155.76365608501646
section_04_source_train_normal_0974_wt_0.wav,174.28294169893394
section_04_source_train_normal_0975_wt_0.wav,172.3939193768312
section_04_source_train_normal_0976_wt_50.wav,73.20941242446145
section_04_source_train_normal_0977_wt_200.wav,111.63503346135592
section_04_source_train_normal_0978_wt_150.wav,107.91538946727626
section_04_source_train_normal_0979_wt_100.wav,106.6586940499319
section_04_source_train_normal_0980_wt_50.wav,102.20209156305667
section_04_source_train_normal_0981_wt_0.wav,115.92114430685744
section_04_source_train_normal_0982_wt_150.wav,152.77842939794152
section_04_source_train_normal_0983_wt_0.wav,100.2158947917409
section_04_source_train_normal_0984_wt_100.wav,177.80287734188835
section_04_source_train_normal_0985_wt_50.wav,125.05826315759428
section_04_source_train_normal_0986_wt_100.wav,114.38179756580136
section_04_source_train_normal_0987_wt_0.wav,111.49871862786244
section_04_source_train_normal_0988_wt_50.wav,119.97492806600364
section_04_source_train_normal_0989_wt_200.wav,179.38344685292026
section_04_target_train_normal_0000_wt_70.wav,125.93831970477912
section_04_target_train_normal_0001_wt_70.wav,14.723904142993717
section_04_target_train_normal_0002_wt_170.wav,20.440763390113887
section_04_target_train_normal_0003_wt_20.wav,2.372496370141505
section_04_target_train_normal_0004_wt_120.wav,5.824886512878237
section_04_target_train_normal_0005_wt_170.wav,20.35211779251935
section_04_target_train_normal_0006_wt_70.wav,6.940898808138172
section_04_target_train_normal_0007_wt_120.wav,5.849371695798993
section_04_target_train_normal_0008_wt_20.wav,5.279226862784668
section_04_target_train_normal_0009_wt_120.wav,5.3812327075120265
