section_05_source_train_normal_0000_vel_2_f-n_B.wav,140.00505700583324
section_05_source_train_normal_0001_vel_2_f-n_A.wav,69.8645747332695
section_05_source_train_normal_0002_vel_10_f-n_B.wav,206.19039347900917
section_05_source_train_normal_0003_vel_10_f-n_B.wav,149.95890831742622
section_05_source_train_normal_0004_vel_2_f-n_B.wav,158.5815037360127
section_05_source_train_normal_0005_vel_10_f-n_B.wav,110.4106263988177
section_05_source_train_normal_0006_vel_10_f-n_A.wav,118.46123707733885
section_05_source_train_normal_0007_vel_10_f-n_A.wav,75.12529728509514
section_05_source_train_normal_0008_vel_2_f-n_A.wav,108.28041541867763
section_05_source_train_normal_0009_vel_2_f-n_B.wav,117.39893861194525
section_05_source_train_normal_0010_vel_2_f-n_B.wav,88.87367013322086
section_05_source_train_normal_0011_vel_2_f-n_A.wav,285.86977469423465
section_05_source_train_normal_0012_vel_10_f-n_A.wav,87.59389060335482
section_05_source_train_normal_0013_vel_10_f-n_B.wav,131.03712927159611
section_05_source_train_normal_0014_vel_10_f-n_A.wav,114.06656380409669
section_05_source_train_normal_0015_vel_2_f-n_B.wav,83.5310918435168
section_05_source_train_normal_0016_vel_10_f-n_A.wav,80.01052917601015
section_05_source_train_normal_0017_vel_10_f-n_B.wav,104.91525599817743
section_05_source_train_normal_0018_vel_2_f-n_B.wav,128.74513023818855
section_05_source_train_normal_0019_vel_10_f-n_A.wav,69.4845862493745
section_05_source_train_normal_0020_vel_10_f-n_A.wav,71.84839263144309
section_05_source_train_normal_0021_vel_2_f-n_A.wav,76.83211979002004
section_05_source_train_normal_0022_vel_10_f-n_A.wav,127.0410875794171
section_05_source_train_normal_0023_vel_10_f-n_A.wav,71.96378922151075
section_05_source_train_normal_0024_vel_2_f-n_B.wav,225.33022922831452
section_05_source_train_normal_0025_vel_10_f-n_A.wav,154.09614678383136
section_05_source_train_normal_0026_vel_2_f-n_A.wav,118.25960712432875
section_05_source_train_normal_0027_vel_10_f-n_A.wav,87.18225925655406
section_05_source_train_normal_0028_vel_2_f-n_A.wav,81.72079029956504
section_05_source_train_normal_0029_vel_2_f-n_B.wav,124.11903465938968
section_05_source_train_normal_0030_vel_2_f-n_A.wav,75.66269847597366
section_05_source_train_normal_0031_vel_2_f-n_B.wav,123.93716049311007
section_05_source_train_normal_0032_vel_10_f-n_A.wav,121.81553512780063
section_05_source_train_normal_0033_vel_10_f-n_A.wav,121.39375235699778
section_05_source_train_normal_0034_vel_2_f-n_A.wav,86.06763874279045
section_05_source_train_normal_0035_vel_2_f-n_B.wav,141.72023600466977
section_05_source_train_normal_0036_vel_2_f-n_A.wav,114.22608030513724
section_05_source_train_normal_0037_vel_10_f-n_A.wav,75.25380393639898
section_05_source_train_normal_0038_vel_10_f-n_A.wav,72.03296711302352
section_05_source_train_normal_0039_vel_10_f-n_B.wav,98.66294648996387
section_05_source_train_normal_0040_vel_2_f-n_B.wav,117.1685143859965
section_05_source_train_normal_0041_vel_10_f-n_A.wav,103.55456415113986
section_05_source_train_normal_0042_vel_2_f-n_B.wav,137.89782046259555
section_05_source_train_normal_0043_vel_2_f-n_A.wav,230.51980443219958
section_05_source_train_normal_0044_vel_10_f-n_B.wav,143.863902822206
section_05_source_train_normal_0045_vel_10_f-n_A.wav,79.13396316621356
section_05_source_train_normal_0046_vel_2_f-n_A.wav,81.23892658831366
section_05_source_train_normal_0047_vel_10_f-n_A.wav,109.9998678650277
section_05_source_train_normal_0048_vel_2_f-n_A.wav,123.25168984624635
section_05_source_train_normal_0049_vel_10_f-n_A.wav,98.4697285808484
section_05_source_train_normal_0050_vel_10_f-n_A.wav,100.67570378648661
section_05_source_train_normal_0051_vel_10_f-n_B.wav,94.71059406739727
section_05_source_train_normal_0052_vel_10_f-n_A.wav,75.4063126623434
section_05_source_train_normal_0053_vel_10_f-n_A.wav,68.63390421620784
section_05_source_train_normal_0054_vel_2_f-n_B.wav,103.40069657249802
section_05_source_train_normal_0055_vel_2_f-n_B.wav,89.82913152453699
section_05_source_train_normal_0056_vel_10_f-n_B.wav,102.37409251741693
section_05_source_train_normal_0057_vel_10_f-n_B.wav,83.41379570318927
section_05_source_train_normal_0058_vel_2_f-n_A.wav,103.97721742716205
section_05_source_train_normal_0059_vel_2_f-n_B.wav,133.870943242188
section_05_source_train_normal_0060_vel_10_f-n_A.wav,69.088979308896
section_05_source_train_normal_0061_vel_10_f-n_A.wav,67.73241669512817
section_05_source_train_normal_0062_vel_10_f-n_B.wav,219.58279459487852
section_05_source_train_normal_0063_vel_10_f-n_A.wav,79.14232609737937
section_05_source_train_normal_0064_vel_2_f-n_B.wav,87.871006030513
section_05_source_train_normal_0065_vel_2_f-n_A.wav,103.90312595076502
section_05_source_train_normal_0066_vel_2_f-n_A.wav,86.85081095153888
section_05_source_train_normal_0067_vel_10_f-n_B.wav,83.3948450032812
section_05_source_train_normal_0068_vel_2_f-n_A.wav,117.03799727543274
section_05_source_train_normal_0069_vel_2_f-n_A.wav,76.88167189263373
section_05_source_train_normal_0070_vel_10_f-n_B.wav,73.0337897413419
section_05_source_train_normal_0071_vel_10_f-n_A.wav,131.12611850253654
section_05_source_train_normal_0072_vel_2_f-n_A.wav,128.08312818398406
section_05_source_train_normal_0073_vel_2_f-n_B.wav,113.20705106202335
section_05_source_train_normal_0074_vel_10_f-n_A.wav,65.40248765550831
section_05_source_train_normal_0075_vel_2_f-n_A.wav,71.27883770084571
section_05_source_train_normal_0076_vel_2_f-n_B.wav,78.33564485424324
section_05_source_train_normal_0077_vel_10_f-n_B.wav,105.32271955617333
section_05_source_train_normal_0078_vel_2_f-n_A.wav,87.70624803644637
section_05_source_train_normal_0079_vel_10_f-n_A.wav,112.12425237104131
section_05_source_train_normal_0080_vel_10_f-n_B.wav,134.8500118747349
section_05_source_train_normal_0081_vel_2_f-n_A.wav,87.17606481365505
section_05_source_train_normal_0082_vel_10_f-n_A.wav,155.71661226840374
section_05_source_train_normal_0083_vel_2_f-n_B.wav,165.63733488693822
section_05_source_train_normal_0084_vel_2_f-n_A.wav,99.18818824321818
section_05_source_train_normal_0085_vel_10_f-n_A.wav,77.98332727100953
section_05_source_train_normal_0086_vel_10_f-n_B.wav,75.31513111272156
section_05_source_train_normal_0087_vel_2_f-n_B.wav,116.25960395067153
section_05_source_train_normal_0088_vel_2_f-n_B.wav,135.60479237276832
section_05_source_train_normal_0089_vel_10_f-n_A.wav,106.1037316901526
section_05_source_train_normal_0090_vel_2_f-n_B.wav,118.98194243411757
section_05_source_train_normal_0091_vel_2_f-n_B.wav,131.69735935940068
section_05_source_train_normal_0092_vel_10_f-n_A.wav,79.03082484657313
section_05_source_train_normal_0093_vel_10_f-n_B.wav,121.08703608650248
section_05_source_train_normal_0094_vel_10_f-n_A.wav,70.71924393044955
section_05_source_train_normal_0095_vel_2_f-n_A.wav,70.00034797818051
section_05_source_train_normal_0096_vel_10_f-n_A.wav,93.79467582245104
section_05_source_train_normal_0097_vel_10_f-n_A.wav,111.81359963724886
section_05_source_train_normal_0098_vel_10_f-n_B.wav,88.41134091636351
section_05_source_train_normal_0099_vel_10_f-n_A.wav,98.13672593840164
section_05_source_train_normal_0100_vel_10_f-n_A.wav,165.8246993365948
section_05_source_train_normal_0101_vel_10_f-n_A.wav,98.74262141082335
section_05_source_train_normal_0102_vel_10_f-n_B.wav,73.68241602777519
section_05_source_train_normal_0103_vel_10_f-n_A.wav,80.32830629715178
section_05_source_train_normal_0104_vel_2_f-n_B.wav,161.39012014027733
section_05_source_train_normal_0105_vel_10_f-n_B.wav,79.39589143507988
section_05_source_train_normal_0106_vel_2_f-n_B.wav,207.82211553460064
section_05_source_train_normal_0107_vel_10_f-n_A.wav,93.16414550018777
section_05_source_train_normal_0108_vel_10_f-n_A.wav,79.41595653984427
section_05_source_train_normal_0109_vel_10_f-n_B.wav,89.68888903084593
section_05_source_train_normal_0110_vel_2_f-n_A.wav,113.14610714238502
section_05_source_train_normal_0111_vel_10_f-n_B.wav,129.7981925593922
section_05_source_train_normal_0112_vel_2_f-n_A.wav,98.2595149456783
section_05_source_train_normal_0113_vel_2_f-n_B.wav,91.41149662801267
section_05_source_train_normal_0114_vel_10_f-n_B.wav,87.68808205878634
section_05_source_train_normal_0115_vel_10_f-n_A.wav,73.43719862878336
section_05_source_train_normal_0116_vel_10_f-n_A.wav,72.41565941325405
section_05_source_train_normal_0117_vel_2_f-n_B.wav,130.61967079085372
section_05_source_train_normal_0118_vel_2_f-n_A.wav,75.54917122811727
section_05_source_train_normal_0119_vel_2_f-n_B.wav,151.08669750148874
section_05_source_train_normal_0120_vel_2_f-n_A.wav,118.36662288260614
section_05_source_train_normal_0121_vel_2_f-n_A.wav,73.65176944135493
section_05_source_train_normal_0122_vel_10_f-n_B.wav,114.86926732562569
section_05_source_train_normal_0123_vel_2_f-n_B.wav,125.30759434269864
section_05_source_train_normal_0124_vel_2_f-n_B.wav,155.74797974823866
section_05_source_train_normal_0125_vel_2_f-n_A.wav,116.40463144057533
section_05_source_train_normal_0126_vel_2_f-n_B.wav,119.1773471887717
section_05_source_train_normal_0127_vel_10_f-n_A.wav,83.0455790532103
section_05_source_train_normal_0128_vel_10_f-n_B.wav,123.48927455333339
section_05_source_train_normal_0129_vel_2_f-n_B.wav,103.51180772487268
section_05_source_train_normal_0130_vel_2_f-n_B.wav,103.9361802376277
section_05_source_train_normal_0131_vel_2_f-n_A.wav,198.3983572656727
section_05_source_train_normal_0132_vel_10_f-n_A.wav,90.13123558717592
section_05_source_train_normal_0133_vel_2_f-n_B.wav,81.12795433561615
section_05_source_train_normal_0134_vel_2_f-n_B.wav,110.88454125022906
section_05_source_train_normal_0135_vel_10_f-n_B.wav,116.00545645630143
section_05_source_train_normal_0136_vel_10_f-n_B.wav,117.96364696438738
section_05_source_train_normal_0137_vel_10_f-n_A.wav,80.563984700106
section_05_source_train_normal_0138_vel_10_f-n_A.wav,110.48173683737615
section_05_source_train_normal_0139_vel_10_f-n_A.wav,80.24350020808203
section_05_source_train_normal_0140_vel_2_f-n_B.wav,186.51445631913674
section_05_source_train_normal_0141_vel_2_f-n_A.wav,103.49353897884788
section_05_source_train_normal_0142_vel_2_f-n_A.wav,79.99522179261726
section_05_source_train_normal_0143_vel_2_f-n_B.wav,215.56069662210854
section_05_source_train_normal_0144_vel_10_f-n_B.wav,147.28219021448035
section_05_source_train_normal_0145_vel_10_f-n_B.wav,97.79243943570376
section_05_source_train_normal_0146_vel_10_f-n_A.wav,70.61339290724914
section_05_source_train_normal_0147_vel_10_f-n_B.wav,198.46552471518413
section_05_source_train_normal_0148_vel_10_f-n_B.wav,128.13219339903458
section_05_source_train_normal_0149_vel_2_f-n_A.wav,86.55180484406299
section_05_source_train_normal_0150_vel_2_f-n_A.wav,73.89791493022886
section_05_source_train_normal_0151_vel_2_f-n_B.wav,122.11072726673669
section_05_source_train_normal_0152_vel_2_f-n_A.wav,80.17722309213801
section_05_source_train_normal_0153_vel_2_f-n_A.wav,124.54639519836645
section_05_source_train_normal_0154_vel_10_f-n_B.wav,72.0769438877478
section_05_source_train_normal_0155_vel_2_f-n_A.wav,95.11888256794111
section_05_source_train_normal_0156_vel_2_f-n_B.wav,103.67969293977649
section_05_source_train_normal_0157_vel_10_f-n_B.wav,132.48364288308892
section_05_source_train_normal_0158_vel_10_f-n_B.wav,111.9496652437202
section_05_source_train_normal_0159_vel_2_f-n_A.wav,85.33133504992799
section_05_source_train_normal_0160_vel_10_f-n_A.wav,79.20978337857025
section_05_source_train_normal_0161_vel_10_f-n_B.wav,87.22773590628515
section_05_source_train_normal_0162_vel_2_f-n_B.wav,70.01848450100621
section_05_source_train_normal_0163_vel_2_f-n_B.wav,111.66234594874152
section_05_source_train_normal_0164_vel_2_f-n_A.wav,94.55572926929341
section_05_source_train_normal_0165_vel_10_f-n_B.wav,113.4911706607678
section_05_source_train_normal_0166_vel_2_f-n_A.wav,124.58904825206672
section_05_source_train_normal_0167_vel_10_f-n_B.wav,107.63715389752089
section_05_source_train_normal_0168_vel_2_f-n_B.wav,112.61774579951086
section_05_source_train_normal_0169_vel_10_f-n_A.wav,79.9442123517045
section_05_source_train_normal_0170_vel_2_f-n_B.wav,95.61799987268907
section_05_source_train_normal_0171_vel_10_f-n_B.wav,99.37046289549033
section_05_source_train_normal_0172_vel_2_f-n_A.wav,117.45996133904003
section_05_source_train_normal_0173_vel_2_f-n_B.wav,150.28492794419927
section_05_source_train_normal_0174_vel_2_f-n_B.wav,101.03853914892022
section_05_source_train_normal_0175_vel_2_f-n_A.wav,71.83957242936208
section_05_source_train_normal_0176_vel_2_f-n_B.wav,70.80940346283236
section_05_source_train_normal_0177_vel_2_f-n_A.wav,117.20199411554258
section_05_source_train_normal_0178_vel_10_f-n_B.wav,174.29122163907977
section_05_source_train_normal_0179_vel_10_f-n_B.wav,122.11690699160766
section_05_source_train_normal_0180_vel_10_f-n_A.wav,88.26582555727623
section_05_source_train_normal_0181_vel_10_f-n_B.wav,160.8545959168321
section_05_source_train_normal_0182_vel_2_f-n_A.wav,87.17632855452513
section_05_source_train_normal_0183_vel_10_f-n_B.wav,72.66049579917023
section_05_source_train_normal_0184_vel_2_f-n_B.wav,154.13455726881296
section_05_source_train_normal_0185_vel_2_f-n_B.wav,101.27209295692751
section_05_source_train_normal_0186_vel_2_f-n_A.wav,85.32676155011768
section_05_source_train_normal_0187_vel_10_f-n_A.wav,98.26440072597029
section_05_source_train_normal_0188_vel_10_f-n_B.wav,171.53491622471066
section_05_source_train_normal_0189_vel_10_f-n_B.wav,103.97234367778908
section_05_source_train_normal_0190_vel_10_f-n_B.wav,115.06541420997593
section_05_source_train_normal_0191_vel_10_f-n_B.wav,170.53380033328628
section_05_source_train_normal_0192_vel_2_f-n_B.wav,241.81456255809462
section_05_source_train_normal_0193_vel_10_f-n_A.wav,68.06818643601184
section_05_source_train_normal_0194_vel_2_f-n_A.wav,100.56890365402616
section_05_source_train_normal_0195_vel_10_f-n_B.wav,165.07708057814492
section_05_source_train_normal_0196_vel_10_f-n_B.wav,157.6173461251165
section_05_source_train_normal_0197_vel_2_f-n_A.wav,81.64565068634477
section_05_source_train_normal_0198_vel_2_f-n_A.wav,149.80133080607195
section_05_source_train_normal_0199_vel_10_f-n_A.wav,64.84199673703927
section_05_source_train_normal_0200_vel_10_f-n_B.wav,86.73097902401173
section_05_source_train_normal_0201_vel_10_f-n_A.wav,81.50411041628928
section_05_source_train_normal_0202_vel_2_f-n_A.wav,71.57470520286432
section_05_source_train_normal_0203_vel_2_f-n_A.wav,67.6687710705825
section_05_source_train_normal_0204_vel_10_f-n_A.wav,152.5470346183785
section_05_source_train_normal_0205_vel_2_f-n_B.wav,228.112517469233
section_05_source_train_normal_0206_vel_10_f-n_A.wav,107.204605203425
section_05_source_train_normal_0207_vel_2_f-n_B.wav,190.61631990335025
section_05_source_train_normal_0208_vel_10_f-n_B.wav,256.64402460543135
section_05_source_train_normal_0209_vel_10_f-n_B.wav,147.27280727543237
section_05_source_train_normal_0210_vel_2_f-n_B.wav,77.5202924577693
section_05_source_train_normal_0211_vel_2_f-n_B.wav,70.5230049363849
section_05_source_train_normal_0212_vel_10_f-n_A.wav,97.78140917212625
section_05_source_train_normal_0213_vel_10_f-n_A.wav,69.05235009930715
section_05_source_train_normal_0214_vel_10_f-n_B.wav,123.3502499789544
section_05_source_train_normal_0215_vel_2_f-n_B.wav,112.82216636636514
section_05_source_train_normal_0216_vel_2_f-n_B.wav,87.40590983330051
section_05_source_train_normal_0217_vel_2_f-n_B.wav,104.17600855856517
section_05_source_train_normal_0218_vel_10_f-n_A.wav,91.61529089053937
section_05_source_train_normal_0219_vel_10_f-n_B.wav,199.670334178279
section_05_source_train_normal_0220_vel_2_f-n_B.wav,105.88007914545372
section_05_source_train_normal_0221_vel_2_f-n_B.wav,101.86968175318071
section_05_source_train_normal_0222_vel_2_f-n_A.wav,82.58237276158275
section_05_source_train_normal_0223_vel_2_f-n_B.wav,134.76946054343125
section_05_source_train_normal_0224_vel_2_f-n_A.wav,80.28738483783428
section_05_source_train_normal_0225_vel_10_f-n_B.wav,106.34618816493139
section_05_source_train_normal_0226_vel_2_f-n_A.wav,84.89931402679119
section_05_source_train_normal_0227_vel_2_f-n_B.wav,147.16664443166908
section_05_source_train_normal_0228_vel_10_f-n_A.wav,108.91488218694197
section_05_source_train_normal_0229_vel_10_f-n_A.wav,103.65347289223405
section_05_source_train_normal_0230_vel_2_f-n_A.wav,204.11875913416327
section_05_source_train_normal_0231_vel_10_f-n_B.wav,108.1690308542955
section_05_source_train_normal_0232_vel_10_f-n_B.wav,116.62402239328547
section_05_source_train_normal_0233_vel_2_f-n_B.wav,108.14878545958078
section_05_source_train_normal_0234_vel_2_f-n_A.wav,101.44403846996065
section_05_source_train_normal_0235_vel_10_f-n_A.wav,119.02463803724969
section_05_source_train_normal_0236_vel_10_f-n_A.wav,146.8255444129399
section_05_source_train_normal_0237_vel_2_f-n_A.wav,85.17459356972228
section_05_source_train_normal_0238_vel_10_f-n_B.wav,118.93768769722294
section_05_source_train_normal_0239_vel_10_f-n_B.wav,220.95856809619528
section_05_source_train_normal_0240_vel_2_f-n_B.wav,80.36660526526958
section_05_source_train_normal_0241_vel_2_f-n_A.wav,84.93515422024049
section_05_source_train_normal_0242_vel_10_f-n_B.wav,129.14066001707886
section_05_source_train_normal_0243_vel_10_f-n_B.wav,102.25725666458995
section_05_source_train_normal_0244_vel_10_f-n_A.wav,117.28498628895214
section_05_source_train_normal_0245_vel_10_f-n_A.wav,89.08829282516993
section_05_source_train_normal_0246_vel_10_f-n_B.wav,93.49712098217762
section_05_source_train_normal_0247_vel_2_f-n_B.wav,80.69053730437267
section_05_source_train_normal_0248_vel_10_f-n_B.wav,88.27731887277187
section_05_source_train_normal_0249_vel_2_f-n_A.wav,79.61968976425612
section_05_source_train_normal_0250_vel_2_f-n_B.wav,189.8075526806703
section_05_source_train_normal_0251_vel_10_f-n_A.wav,124.73821148563788
section_05_source_train_normal_0252_vel_2_f-n_B.wav,218.39156793600802
section_05_source_train_normal_0253_vel_10_f-n_B.wav,111.91813295419823
section_05_source_train_normal_0254_vel_10_f-n_B.wav,122.52700232206763
section_05_source_train_normal_0255_vel_2_f-n_A.wav,83.16691019565474
section_05_source_train_normal_0256_vel_10_f-n_A.wav,86.31261962976481
section_05_source_train_normal_0257_vel_2_f-n_A.wav,110.60723692007666
section_05_source_train_normal_0258_vel_2_f-n_A.wav,65.39484474764927
section_05_source_train_normal_0259_vel_10_f-n_B.wav,159.0298031443662
section_05_source_train_normal_0260_vel_10_f-n_B.wav,141.12939606128688
section_05_source_train_normal_0261_vel_2_f-n_B.wav,78.2754661355541
section_05_source_train_normal_0262_vel_2_f-n_A.wav,242.32112123029407
section_05_source_train_normal_0263_vel_2_f-n_B.wav,284.48890195199937
section_05_source_train_normal_0264_vel_2_f-n_A.wav,124.58106832851237
section_05_source_train_normal_0265_vel_10_f-n_B.wav,107.93497604927953
section_05_source_train_normal_0266_vel_10_f-n_A.wav,68.1300884379929
section_05_source_train_normal_0267_vel_2_f-n_B.wav,101.52209785770282
section_05_source_train_normal_0268_vel_10_f-n_B.wav,106.21644865668944
section_05_source_train_normal_0269_vel_2_f-n_A.wav,117.03410330601714
section_05_source_train_normal_0270_vel_10_f-n_B.wav,86.0730319623531
section_05_source_train_normal_0271_vel_10_f-n_B.wav,84.46389009228295
section_05_source_train_normal_0272_vel_10_f-n_A.wav,68.33881896937953
section_05_source_train_normal_0273_vel_2_f-n_A.wav,78.13854361309916
section_05_source_train_normal_0274_vel_10_f-n_B.wav,97.53773985910738
section_05_source_train_normal_0275_vel_10_f-n_A.wav,114.50096824056375
section_05_source_train_normal_0276_vel_2_f-n_A.wav,72.53739729677082
section_05_source_train_normal_0277_vel_10_f-n_A.wav,81.81434343260207
section_05_source_train_normal_0278_vel_2_f-n_A.wav,83.31557214012457
section_05_source_train_normal_0279_vel_2_f-n_A.wav,127.17877657892156
section_05_source_train_normal_0280_vel_2_f-n_A.wav,109.06121239025545
section_05_source_train_normal_0281_vel_10_f-n_A.wav,77.42277693381828
section_05_source_train_normal_0282_vel_10_f-n_A.wav,77.72259484550727
section_05_source_train_normal_0283_vel_10_f-n_A.wav,99.58664132718224
section_05_source_train_normal_0284_vel_2_f-n_A.wav,67.91634985044112
section_05_source_train_normal_0285_vel_2_f-n_B.wav,107.67742235394417
section_05_source_train_normal_0286_vel_10_f-n_A.wav,68.95732946094853
section_05_source_train_normal_0287_vel_10_f-n_B.wav,128.30067482605887
section_05_source_train_normal_0288_vel_10_f-n_B.wav,104.39748171980187
section_05_source_train_normal_0289_vel_2_f-n_B.wav,128.6845855146217
section_05_source_train_normal_0290_vel_10_f-n_A.wav,127.6311100309622
section_05_source_train_normal_0291_vel_2_f-n_A.wav,98.29894900591657
section_05_source_train_normal_0292_vel_10_f-n_B.wav,84.38057023724173
section_05_source_train_normal_0293_vel_10_f-n_B.wav,145.26345013483083
section_05_source_train_normal_0294_vel_10_f-n_A.wav,70.07687783634259
section_05_source_train_normal_0295_vel_10_f-n_A.wav,83.26460479868842
section_05_source_train_normal_0296_vel_2_f-n_A.wav,202.54711660559593
section_05_source_train_normal_0297_vel_10_f-n_A.wav,94.21022505579162
section_05_source_train_normal_0298_vel_2_f-n_B.wav,167.8077156708443
section_05_source_train_normal_0299_vel_10_f-n_A.wav,69.28764074927327
section_05_source_train_normal_0300_vel_10_f-n_B.wav,155.7174855410167
section_05_source_train_normal_0301_vel_10_f-n_A.wav,102.36741509898464
section_05_source_train_normal_0302_vel_2_f-n_B.wav,141.8764682207959
section_05_source_train_normal_0303_vel_10_f-n_A.wav,89.63251556592144
section_05_source_train_normal_0304_vel_10_f-n_A.wav,96.76729852061654
section_05_source_train_normal_0305_vel_10_f-n_B.wav,82.6298133345772
section_05_source_train_normal_0306_vel_2_f-n_B.wav,120.88659873810437
section_05_source_train_normal_0307_vel_10_f-n_A.wav,119.48772508793178
section_05_source_train_normal_0308_vel_2_f-n_B.wav,124.37754820997674
section_05_source_train_normal_0309_vel_10_f-n_B.wav,76.7231535479184
section_05_source_train_normal_0310_vel_10_f-n_B.wav,104.18259931971178
section_05_source_train_normal_0311_vel_10_f-n_B.wav,69.2085061044701
section_05_source_train_normal_0312_vel_2_f-n_A.wav,72.92988966955897
section_05_source_train_normal_0313_vel_2_f-n_A.wav,121.96191163485709
section_05_source_train_normal_0314_vel_2_f-n_A.wav,74.59152863286175
section_05_source_train_normal_0315_vel_10_f-n_A.wav,127.46261568998523
section_05_source_train_normal_0316_vel_2_f-n_A.wav,111.26037183114714
section_05_source_train_normal_0317_vel_2_f-n_B.wav,113.21728763839644
section_05_source_train_normal_0318_vel_10_f-n_B.wav,79.06872967744974
section_05_source_train_normal_0319_vel_10_f-n_A.wav,117.71696109220751
section_05_source_train_normal_0320_vel_2_f-n_B.wav,104.79621585877103
section_05_source_train_normal_0321_vel_2_f-n_B.wav,133.37610914059258
section_05_source_train_normal_0322_vel_2_f-n_B.wav,302.6126623539205
section_05_source_train_normal_0323_vel_10_f-n_A.wav,124.66547710720404
section_05_source_train_normal_0324_vel_10_f-n_A.wav,69.92897374488942
section_05_source_train_normal_0325_vel_2_f-n_B.wav,109.02016460530814
section_05_source_train_normal_0326_vel_2_f-n_B.wav,73.64606687653782
section_05_source_train_normal_0327_vel_10_f-n_B.wav,142.19804203900304
section_05_source_train_normal_0328_vel_2_f-n_B.wav,103.6032904928615
section_05_source_train_normal_0329_vel_2_f-n_A.wav,74.65406637375355
section_05_source_train_normal_0330_vel_2_f-n_B.wav,82.90452504578394
section_05_source_train_normal_0331_vel_10_f-n_B.wav,92.93548241281945
section_05_source_train_normal_0332_vel_10_f-n_A.wav,81.82913834144776
section_05_source_train_normal_0333_vel_10_f-n_A.wav,79.01013665417122
section_05_source_train_normal_0334_vel_10_f-n_B.wav,84.06138242974842
section_05_source_train_normal_0335_vel_10_f-n_B.wav,135.1527861314054
section_05_source_train_normal_0336_vel_10_f-n_B.wav,90.49349670330747
section_05_source_train_normal_0337_vel_2_f-n_A.wav,73.67570011828747
section_05_source_train_normal_0338_vel_10_f-n_B.wav,144.87199391302295
section_05_source_train_normal_0339_vel_2_f-n_A.wav,74.81364875125834
section_05_source_train_normal_0340_vel_2_f-n_A.wav,76.03467002576019
section_05_source_train_normal_0341_vel_10_f-n_B.wav,80.14950873220886
section_05_source_train_normal_0342_vel_10_f-n_A.wav,71.70345265149422
section_05_source_train_normal_0343_vel_10_f-n_B.wav,105.3320870225916
section_05_source_train_normal_0344_vel_2_f-n_B.wav,131.0943836939499
section_05_source_train_normal_0345_vel_2_f-n_B.wav,195.2597894189101
section_05_source_train_normal_0346_vel_10_f-n_B.wav,172.04197751592034
section_05_source_train_normal_0347_vel_10_f-n_B.wav,190.1129434146265
section_05_source_train_normal_0348_vel_10_f-n_A.wav,98.34215222353352
section_05_source_train_normal_0349_vel_2_f-n_A.wav,76.30678812455969
section_05_source_train_normal_0350_vel_10_f-n_B.wav,158.59580940740005
section_05_source_train_normal_0351_vel_2_f-n_B.wav,109.3984596787401
section_05_source_train_normal_0352_vel_10_f-n_A.wav,120.72011454396382
section_05_source_train_normal_0353_vel_2_f-n_B.wav,128.6640606208932
section_05_source_train_normal_0354_vel_2_f-n_B.wav,114.39408352078215
section_05_source_train_normal_0355_vel_2_f-n_B.wav,217.2110798863942
section_05_source_train_normal_0356_vel_10_f-n_A.wav,66.59916465765315
section_05_source_train_normal_0357_vel_2_f-n_B.wav,119.78217626481609
section_05_source_train_normal_0358_vel_2_f-n_A.wav,69.01139840600362
section_05_source_train_normal_0359_vel_2_f-n_B.wav,114.7262078312859
section_05_source_train_normal_0360_vel_10_f-n_B.wav,112.86782323599977
section_05_source_train_normal_0361_vel_2_f-n_B.wav,132.0803486160989
section_05_source_train_normal_0362_vel_2_f-n_A.wav,116.91110370053413
section_05_source_train_normal_0363_vel_2_f-n_B.wav,119.40605256994786
section_05_source_train_normal_0364_vel_10_f-n_B.wav,116.41683415733371
section_05_source_train_normal_0365_vel_2_f-n_B.wav,93.35877802433191
section_05_source_train_normal_0366_vel_10_f-n_A.wav,119.69173716134519
section_05_source_train_normal_0367_vel_2_f-n_B.wav,157.8068656714324
section_05_source_train_normal_0368_vel_10_f-n_B.wav,117.94768345415679
section_05_source_train_normal_0369_vel_10_f-n_A.wav,74.35853535896587
section_05_source_train_normal_0370_vel_2_f-n_A.wav,72.77995558047598
section_05_source_train_normal_0371_vel_10_f-n_B.wav,121.06740568978202
section_05_source_train_normal_0372_vel_2_f-n_B.wav,143.85163255407133
section_05_source_train_normal_0373_vel_10_f-n_A.wav,79.79683526318411
section_05_source_train_normal_0374_vel_2_f-n_A.wav,81.545721413873
section_05_source_train_normal_0375_vel_10_f-n_A.wav,96.88773410424079
section_05_source_train_normal_0376_vel_2_f-n_A.wav,86.48075381248412
section_05_source_train_normal_0377_vel_10_f-n_B.wav,118.71682428225856
section_05_source_train_normal_0378_vel_10_f-n_B.wav,80.32488854088373
section_05_source_train_normal_0379_vel_2_f-n_B.wav,122.4552975854997
section_05_source_train_normal_0380_vel_10_f-n_A.wav,66.98789150160923
section_05_source_train_normal_0381_vel_2_f-n_A.wav,115.22656160911963
section_05_source_train_normal_0382_vel_10_f-n_A.wav,80.53705746434386
section_05_source_train_normal_0383_vel_10_f-n_B.wav,139.44298915587095
section_05_source_train_normal_0384_vel_2_f-n_A.wav,127.77600649496948
section_05_source_train_normal_0385_vel_2_f-n_B.wav,125.53192267569958
section_05_source_train_normal_0386_vel_10_f-n_A.wav,125.08427239558382
section_05_source_train_normal_0387_vel_2_f-n_A.wav,125.00139989145039
section_05_source_train_normal_0388_vel_2_f-n_A.wav,88.80642047301171
section_05_source_train_normal_0389_vel_2_f-n_A.wav,77.5735561143963
section_05_source_train_normal_0390_vel_10_f-n_A.wav,99.7821741732565
section_05_source_train_normal_0391_vel_10_f-n_A.wav,111.45810774468639
section_05_source_train_normal_0392_vel_10_f-n_A.wav,110.86853007343963
section_05_source_train_normal_0393_vel_10_f-n_B.wav,128.20589347953415
section_05_source_train_normal_0394_vel_10_f-n_A.wav,77.32074518447553
section_05_source_train_normal_0395_vel_2_f-n_A.wav,100.37675669757373
section_05_source_train_normal_0396_vel_2_f-n_A.wav,113.13607753900907
section_05_source_train_normal_0397_vel_10_f-n_A.wav,72.90676363523784
section_05_source_train_normal_0398_vel_10_f-n_B.wav,121.26122044068762
section_05_source_train_normal_0399_vel_2_f-n_A.wav,70.39450163855003
section_05_source_train_normal_0400_vel_10_f-n_A.wav,120.180563119309
section_05_source_train_normal_0401_vel_10_f-n_B.wav,165.93774717041435
section_05_source_train_normal_0402_vel_10_f-n_B.wav,185.15210429521846
section_05_source_train_normal_0403_vel_10_f-n_B.wav,112.34739240360128
section_05_source_train_normal_0404_vel_2_f-n_B.wav,72.98718691201779
section_05_source_train_normal_0405_vel_10_f-n_A.wav,64.27641816224579
section_05_source_train_normal_0406_vel_2_f-n_A.wav,73.42283230200002
section_05_source_train_normal_0407_vel_10_f-n_A.wav,74.22122347473652
section_05_source_train_normal_0408_vel_10_f-n_A.wav,67.32454370224332
section_05_source_train_normal_0409_vel_2_f-n_A.wav,199.51820552223683
section_05_source_train_normal_0410_vel_10_f-n_A.wav,75.05581626411256
section_05_source_train_normal_0411_vel_10_f-n_A.wav,125.28287990935048
section_05_source_train_normal_0412_vel_2_f-n_A.wav,96.49763209262056
section_05_source_train_normal_0413_vel_10_f-n_A.wav,85.66854436751208
section_05_source_train_normal_0414_vel_10_f-n_B.wav,118.44591510046354
section_05_source_train_normal_0415_vel_2_f-n_A.wav,106.72272095402009
section_05_source_train_normal_0416_vel_2_f-n_A.wav,91.47727802581319
section_05_source_train_normal_0417_vel_2_f-n_A.wav,70.24204184289442
section_05_source_train_normal_0418_vel_2_f-n_B.wav,90.10809367966488
section_05_source_train_normal_0419_vel_10_f-n_B.wav,91.91077530501241
section_05_source_train_normal_0420_vel_2_f-n_A.wav,74.79535991369463
section_05_source_train_normal_0421_vel_10_f-n_B.wav,142.41157048689755
section_05_source_train_normal_0422_vel_2_f-n_B.wav,158.2489857107295
section_05_source_train_normal_0423_vel_2_f-n_A.wav,112.87561690766317
section_05_source_train_normal_0424_vel_10_f-n_A.wav,94.77260964719078
section_05_source_train_normal_0425_vel_10_f-n_A.wav,88.11695201601083
section_05_source_train_normal_0426_vel_10_f-n_A.wav,101.66562200176958
section_05_source_train_normal_0427_vel_10_f-n_B.wav,150.714044117688
section_05_source_train_normal_0428_vel_2_f-n_B.wav,145.78513691503963
section_05_source_train_normal_0429_vel_2_f-n_A.wav,76.33993444445957
section_05_source_train_normal_0430_vel_10_f-n_B.wav,81.36707650519762
section_05_source_train_normal_0431_vel_10_f-n_A.wav,129.3487227273958
section_05_source_train_normal_0432_vel_2_f-n_A.wav,82.19016817898844
section_05_source_train_normal_0433_vel_2_f-n_A.wav,131.75984000931828
section_05_source_train_normal_0434_vel_10_f-n_B.wav,114.97719403993017
section_05_source_train_normal_0435_vel_2_f-n_B.wav,113.98587500538275
section_05_source_train_normal_0436_vel_10_f-n_A.wav,82.1719832409616
section_05_source_train_normal_0437_vel_2_f-n_B.wav,114.88750703546788
section_05_source_train_normal_0438_vel_2_f-n_A.wav,195.00840705768098
section_05_source_train_normal_0439_vel_10_f-n_B.wav,192.4472519140329
section_05_source_train_normal_0440_vel_2_f-n_A.wav,91.59059498692542
section_05_source_train_normal_0441_vel_2_f-n_B.wav,144.97318389707982
section_05_source_train_normal_0442_vel_10_f-n_B.wav,160.98974557249863
section_05_source_train_normal_0443_vel_2_f-n_A.wav,73.23536574641284
section_05_source_train_normal_0444_vel_2_f-n_B.wav,79.5097045972887
section_05_source_train_normal_0445_vel_10_f-n_A.wav,79.39123913161461
section_05_source_train_normal_0446_vel_2_f-n_B.wav,110.01446545207114
section_05_source_train_normal_0447_vel_10_f-n_A.wav,69.15376280563393
section_05_source_train_normal_0448_vel_2_f-n_A.wav,72.144419915533
section_05_source_train_normal_0449_vel_2_f-n_B.wav,82.08867026691661
section_05_source_train_normal_0450_vel_2_f-n_A.wav,198.48750115784793
section_05_source_train_normal_0451_vel_2_f-n_A.wav,72.0729470756767
section_05_source_train_normal_0452_vel_10_f-n_A.wav,129.49391069349156
section_05_source_train_normal_0453_vel_10_f-n_B.wav,69.84401427289433
section_05_source_train_normal_0454_vel_2_f-n_A.wav,87.91980567073662
section_05_source_train_normal_0455_vel_2_f-n_B.wav,180.31120689066242
section_05_source_train_normal_0456_vel_10_f-n_A.wav,109.33671541960133
section_05_source_train_normal_0457_vel_10_f-n_B.wav,131.6208177539218
section_05_source_train_normal_0458_vel_10_f-n_A.wav,73.8561954845321
section_05_source_train_normal_0459_vel_2_f-n_A.wav,112.99026512870482
section_05_source_train_normal_0460_vel_10_f-n_A.wav,74.37890553341256
section_05_source_train_normal_0461_vel_2_f-n_A.wav,87.44813538164914
section_05_source_train_normal_0462_vel_2_f-n_B.wav,172.73316774369545
section_05_source_train_normal_0463_vel_2_f-n_B.wav,96.40767433151223
section_05_source_train_normal_0464_vel_2_f-n_B.wav,150.79153677380884
section_05_source_train_normal_0465_vel_10_f-n_B.wav,150.87262091559882
section_05_source_train_normal_0466_vel_10_f-n_B.wav,114.64793856746732
section_05_source_train_normal_0467_vel_10_f-n_B.wav,257.52188446662353
section_05_source_train_normal_0468_vel_10_f-n_A.wav,91.73205853695441
section_05_source_train_normal_0469_vel_2_f-n_A.wav,116.03671791585464
section_05_source_train_normal_0470_vel_2_f-n_B.wav,116.3410197822327
section_05_source_train_normal_0471_vel_10_f-n_B.wav,172.8048150091286
section_05_source_train_normal_0472_vel_10_f-n_A.wav,72.89263149079545
section_05_source_train_normal_0473_vel_2_f-n_B.wav,98.86225489583691
section_05_source_train_normal_0474_vel_10_f-n_A.wav,75.31824296112396
section_05_source_train_normal_0475_vel_10_f-n_B.wav,95.3998868784517
section_05_source_train_normal_0476_vel_10_f-n_B.wav,110.3714203286442
section_05_source_train_normal_0477_vel_2_f-n_B.wav,100.70495848861003
section_05_source_train_normal_0478_vel_10_f-n_B.wav,99.13778830702108
section_05_source_train_normal_0479_vel_2_f-n_A.wav,120.36319161110457
section_05_source_train_normal_0480_vel_2_f-n_A.wav,72.98117056322542
section_05_source_train_normal_0481_vel_10_f-n_A.wav,80.0460043535673
section_05_source_train_normal_0482_vel_10_f-n_A.wav,79.66311309916836
section_05_source_train_normal_0483_vel_2_f-n_A.wav,129.04171797413056
section_05_source_train_normal_0484_vel_2_f-n_B.wav,115.47548178900325
section_05_source_train_normal_0485_vel_10_f-n_A.wav,82.34744906950436
section_05_source_train_normal_0486_vel_10_f-n_A.wav,64.95690655581075
section_05_source_train_normal_0487_vel_2_f-n_B.wav,99.08857036632276
section_05_source_train_normal_0488_vel_10_f-n_B.wav,115.30671881840487
section_05_source_train_normal_0489_vel_10_f-n_B.wav,118.74420624043252
section_05_source_train_normal_0490_vel_2_f-n_B.wav,169.99812840812575
section_05_source_train_normal_0491_vel_10_f-n_B.wav,73.45796337120893
section_05_source_train_normal_0492_vel_10_f-n_A.wav,72.91860278082208
section_05_source_train_normal_0493_vel_2_f-n_B.wav,71.61988536372849
section_05_source_train_normal_0494_vel_2_f-n_A.wav,116.02520566338323
section_05_source_train_normal_0495_vel_2_f-n_A.wav,73.9976545707554
section_05_source_train_normal_0496_vel_2_f-n_A.wav,76.03591149266936
section_05_source_train_normal_0497_vel_2_f-n_B.wav,160.00050939825314
section_05_source_train_normal_0498_vel_10_f-n_B.wav,88.25490001592428
section_05_source_train_normal_0499_vel_2_f-n_B.wav,141.8114811229679
section_05_source_train_normal_0500_vel_10_f-n_A.wav,114.39273853036654
section_05_source_train_normal_0501_vel_10_f-n_B.wav,75.70402305404133
section_05_source_train_normal_0502_vel_2_f-n_A.wav,128.30956000437612
section_05_source_train_normal_0503_vel_10_f-n_A.wav,110.1941778467043
section_05_source_train_normal_0504_vel_2_f-n_A.wav,100.67585422018846
section_05_source_train_normal_0505_vel_2_f-n_B.wav,124.6190628273292
section_05_source_train_normal_0506_vel_10_f-n_A.wav,88.258326540545
section_05_source_train_normal_0507_vel_2_f-n_A.wav,150.4038460212637
section_05_source_train_normal_0508_vel_2_f-n_B.wav,121.05257202131921
section_05_source_train_normal_0509_vel_10_f-n_A.wav,71.48246271835117
section_05_source_train_normal_0510_vel_2_f-n_B.wav,107.85795428024682
section_05_source_train_normal_0511_vel_10_f-n_A.wav,71.62732986785207
section_05_source_train_normal_0512_vel_2_f-n_A.wav,88.65440751948049
section_05_source_train_normal_0513_vel_2_f-n_B.wav,144.80182898667724
section_05_source_train_normal_0514_vel_2_f-n_B.wav,73.9281300425385
section_05_source_train_normal_0515_vel_2_f-n_A.wav,127.4062082272056
section_05_source_train_normal_0516_vel_10_f-n_B.wav,96.85345700224286
section_05_source_train_normal_0517_vel_10_f-n_B.wav,103.06568032958586
section_05_source_train_normal_0518_vel_10_f-n_B.wav,112.54312050782045
section_05_source_train_normal_0519_vel_10_f-n_A.wav,78.10744740093449
section_05_source_train_normal_0520_vel_2_f-n_B.wav,126.81593582332368
section_05_source_train_normal_0521_vel_2_f-n_A.wav,81.31450994616267
section_05_source_train_normal_0522_vel_10_f-n_A.wav,78.67330404876566
section_05_source_train_normal_0523_vel_2_f-n_A.wav,72.24695597465518
section_05_source_train_normal_0524_vel_2_f-n_B.wav,114.08209717993702
section_05_source_train_normal_0525_vel_10_f-n_B.wav,122.98798040236407
section_05_source_train_normal_0526_vel_2_f-n_B.wav,76.84019858121871
section_05_source_train_normal_0527_vel_10_f-n_A.wav,144.76322161556843
section_05_source_train_normal_0528_vel_10_f-n_A.wav,100.68890149691221
section_05_source_train_normal_0529_vel_2_f-n_B.wav,148.9744507844387
section_05_source_train_normal_0530_vel_10_f-n_B.wav,98.88021529715016
section_05_source_train_normal_0531_vel_2_f-n_B.wav,92.84947636408486
section_05_source_train_normal_0532_vel_2_f-n_B.wav,120.64678705174384
section_05_source_train_normal_0533_vel_2_f-n_A.wav,113.86974931020576
section_05_source_train_normal_0534_vel_2_f-n_A.wav,94.41805019100076
section_05_source_train_normal_0535_vel_2_f-n_A.wav,72.24523345102185
section_05_source_train_normal_0536_vel_2_f-n_B.wav,218.08683773527184
section_05_source_train_normal_0537_vel_10_f-n_A.wav,87.9050235288803
section_05_source_train_normal_0538_vel_2_f-n_B.wav,105.01289503753645
section_05_source_train_normal_0539_vel_10_f-n_B.wav,79.01317542363512
section_05_source_train_normal_0540_vel_10_f-n_B.wav,189.10714562402165
section_05_source_train_normal_0541_vel_2_f-n_A.wav,78.15489792988424
section_05_source_train_normal_0542_vel_10_f-n_A.wav,101.38254302299477
section_05_source_train_normal_0543_vel_10_f-n_A.wav,83.52308057631268
section_05_source_train_normal_0544_vel_10_f-n_B.wav,112.5317230064573
section_05_source_train_normal_0545_vel_10_f-n_A.wav,119.65551920520029
section_05_source_train_normal_0546_vel_2_f-n_A.wav,156.6287000451108
section_05_source_train_normal_0547_vel_2_f-n_B.wav,187.0710172452063
section_05_source_train_normal_0548_vel_10_f-n_A.wav,78.40769773453059
section_05_source_train_normal_0549_vel_2_f-n_A.wav,67.50065939353584
section_05_source_train_normal_0550_vel_2_f-n_A.wav,103.07731929628318
section_05_source_train_normal_0551_vel_2_f-n_B.wav,83.83813738703208
section_05_source_train_normal_0552_vel_10_f-n_A.wav,75.84907274234709
section_05_source_train_normal_0553_vel_2_f-n_B.wav,149.2566580595768
section_05_source_train_normal_0554_vel_10_f-n_B.wav,134.69493664620717
section_05_source_train_normal_0555_vel_10_f-n_A.wav,174.6043740631572
section_05_source_train_normal_0556_vel_2_f-n_A.wav,84.77118637447475
section_05_source_train_normal_0557_vel_2_f-n_A.wav,125.09645984436345
section_05_source_train_normal_0558_vel_2_f-n_B.wav,76.39821044449289
section_05_source_train_normal_0559_vel_2_f-n_A.wav,89.3574404350747
section_05_source_train_normal_0560_vel_10_f-n_A.wav,78.07421449572388
section_05_source_train_normal_0561_vel_10_f-n_B.wav,109.61983359098129
section_05_source_train_normal_0562_vel_2_f-n_B.wav,107.8702779470367
section_05_source_train_normal_0563_vel_2_f-n_B.wav,98.53755303913564
section_05_source_train_normal_0564_vel_2_f-n_B.wav,109.24528106395536
section_05_source_train_normal_0565_vel_2_f-n_B.wav,220.17067630232253
section_05_source_train_normal_0566_vel_2_f-n_A.wav,80.24713823310674
section_05_source_train_normal_0567_vel_2_f-n_A.wav,74.91037577806321
section_05_source_train_normal_0568_vel_2_f-n_B.wav,108.92704346517047
section_05_source_train_normal_0569_vel_10_f-n_A.wav,113.4744000484995
section_05_source_train_normal_0570_vel_10_f-n_B.wav,95.31759141370546
section_05_source_train_normal_0571_vel_2_f-n_A.wav,93.15600060098322
section_05_source_train_normal_0572_vel_10_f-n_B.wav,122.4530094679321
section_05_source_train_normal_0573_vel_2_f-n_B.wav,178.15395352547614
section_05_source_train_normal_0574_vel_2_f-n_A.wav,72.82234151233371
section_05_source_train_normal_0575_vel_2_f-n_B.wav,151.18467051822995
section_05_source_train_normal_0576_vel_10_f-n_A.wav,175.89692583141812
section_05_source_train_normal_0577_vel_10_f-n_A.wav,73.56142914952989
section_05_source_train_normal_0578_vel_10_f-n_B.wav,101.80332069460714
section_05_source_train_normal_0579_vel_10_f-n_B.wav,109.4121928394514
section_05_source_train_normal_0580_vel_10_f-n_A.wav,81.36703685117936
section_05_source_train_normal_0581_vel_10_f-n_B.wav,231.11090343105303
section_05_source_train_normal_0582_vel_2_f-n_A.wav,108.15087759458423
section_05_source_train_normal_0583_vel_2_f-n_A.wav,69.14645440459424
section_05_source_train_normal_0584_vel_2_f-n_A.wav,132.27346026850682
section_05_source_train_normal_0585_vel_2_f-n_A.wav,119.83625150781718
section_05_source_train_normal_0586_vel_2_f-n_B.wav,120.59947273334177
section_05_source_train_normal_0587_vel_2_f-n_A.wav,130.07827544080072
section_05_source_train_normal_0588_vel_2_f-n_B.wav,82.61738012197961
section_05_source_train_normal_0589_vel_2_f-n_A.wav,117.37405364485075
section_05_source_train_normal_0590_vel_2_f-n_B.wav,100.79952664446529
section_05_source_train_normal_0591_vel_2_f-n_B.wav,112.37473678747034
section_05_source_train_normal_0592_vel_2_f-n_B.wav,72.949547961559
section_05_source_train_normal_0593_vel_10_f-n_A.wav,77.5048522108494
section_05_source_train_normal_0594_vel_10_f-n_A.wav,96.04699091737224
section_05_source_train_normal_0595_vel_10_f-n_A.wav,115.43485666794261
section_05_source_train_normal_0596_vel_10_f-n_A.wav,68.96453311869251
section_05_source_train_normal_0597_vel_10_f-n_A.wav,117.75716224101635
section_05_source_train_normal_0598_vel_2_f-n_B.wav,131.6902488107471
section_05_source_train_normal_0599_vel_10_f-n_B.wav,162.70951189803048
section_05_source_train_normal_0600_vel_10_f-n_B.wav,123.80204012651588
section_05_source_train_normal_0601_vel_2_f-n_B.wav,78.99491368377102
section_05_source_train_normal_0602_vel_2_f-n_B.wav,141.74506664122313
section_05_source_train_normal_0603_vel_2_f-n_A.wav,118.30817626527683
section_05_source_train_normal_0604_vel_2_f-n_A.wav,107.87793277109482
section_05_source_train_normal_0605_vel_10_f-n_B.wav,113.85537124583625
section_05_source_train_normal_0606_vel_2_f-n_A.wav,125.41539365401913
section_05_source_train_normal_0607_vel_10_f-n_B.wav,96.09500643984688
section_05_source_train_normal_0608_vel_10_f-n_A.wav,74.45159213335961
section_05_source_train_normal_0609_vel_2_f-n_A.wav,80.58089808329413
section_05_source_train_normal_0610_vel_2_f-n_A.wav,76.1702542338652
section_05_source_train_normal_0611_vel_2_f-n_B.wav,100.92521480411872
section_05_source_train_normal_0612_vel_10_f-n_B.wav,104.86968741567733
section_05_source_train_normal_0613_vel_2_f-n_A.wav,70.38675655862028
section_05_source_train_normal_0614_vel_10_f-n_B.wav,104.53113940923848
section_05_source_train_normal_0615_vel_2_f-n_B.wav,128.20214065528694
section_05_source_train_normal_0616_vel_2_f-n_B.wav,154.3559505469595
section_05_source_train_normal_0617_vel_2_f-n_A.wav,71.6338990925411
section_05_source_train_normal_0618_vel_10_f-n_A.wav,112.23592367209768
section_05_source_train_normal_0619_vel_10_f-n_A.wav,66.5052855692274
section_05_source_train_normal_0620_vel_10_f-n_B.wav,154.3922387973771
section_05_source_train_normal_0621_vel_2_f-n_B.wav,108.31071081446117
section_05_source_train_normal_0622_vel_2_f-n_B.wav,114.25412412853689
section_05_source_train_normal_0623_vel_2_f-n_B.wav,124.10231887684657
section_05_source_train_normal_0624_vel_10_f-n_A.wav,78.78695268051004
section_05_source_train_normal_0625_vel_10_f-n_A.wav,113.53648620017894
section_05_source_train_normal_0626_vel_2_f-n_A.wav,104.90665775085785
section_05_source_train_normal_0627_vel_10_f-n_B.wav,131.17791576246327
section_05_source_train_normal_0628_vel_10_f-n_B.wav,132.82759739979343
section_05_source_train_normal_0629_vel_10_f-n_B.wav,150.01397673147528
section_05_source_train_normal_0630_vel_2_f-n_A.wav,119.39656172736998
section_05_source_train_normal_0631_vel_10_f-n_B.wav,104.17759591259019
section_05_source_train_normal_0632_vel_10_f-n_A.wav,88.59462190689908
section_05_source_train_normal_0633_vel_10_f-n_A.wav,68.64719140889562
section_05_source_train_normal_0634_vel_10_f-n_B.wav,102.44549290071058
section_05_source_train_normal_0635_vel_10_f-n_B.wav,140.36172532956968
section_05_source_train_normal_0636_vel_2_f-n_A.wav,62.84673802374712
section_05_source_train_normal_0637_vel_2_f-n_B.wav,111.71705985054986
section_05_source_train_normal_0638_vel_10_f-n_A.wav,78.03257218196816
section_05_source_train_normal_0639_vel_2_f-n_B.wav,105.5542400721992
section_05_source_train_normal_0640_vel_10_f-n_A.wav,147.26730227360818
section_05_source_train_normal_0641_vel_2_f-n_A.wav,137.43580577654882
section_05_source_train_normal_0642_vel_10_f-n_B.wav,105.434314742656
section_05_source_train_normal_0643_vel_2_f-n_A.wav,76.14057692503715
section_05_source_train_normal_0644_vel_10_f-n_A.wav,75.8665496154303
section_05_source_train_normal_0645_vel_2_f-n_A.wav,157.00682420342446
section_05_source_train_normal_0646_vel_2_f-n_B.wav,159.03746360035888
section_05_source_train_normal_0647_vel_2_f-n_B.wav,193.87742774926392
section_05_source_train_normal_0648_vel_10_f-n_A.wav,114.28295828120254
section_05_source_train_normal_0649_vel_2_f-n_A.wav,152.70104970625772
section_05_source_train_normal_0650_vel_10_f-n_B.wav,115.8882893596259
section_05_source_train_normal_0651_vel_2_f-n_A.wav,77.5505828506441
section_05_source_train_normal_0652_vel_2_f-n_A.wav,74.52702777536186
section_05_source_train_normal_0653_vel_10_f-n_A.wav,63.50382693633915
section_05_source_train_normal_0654_vel_10_f-n_A.wav,102.31342737960625
section_05_source_train_normal_0655_vel_2_f-n_A.wav,78.79761752626933
section_05_source_train_normal_0656_vel_2_f-n_B.wav,104.11441587228501
section_05_source_train_normal_0657_vel_10_f-n_B.wav,149.37469661139144
section_05_source_train_normal_0658_vel_2_f-n_A.wav,77.43509524398868
section_05_source_train_normal_0659_vel_10_f-n_A.wav,185.7037094170089
section_05_source_train_normal_0660_vel_2_f-n_B.wav,118.37810503879723
section_05_source_train_normal_0661_vel_2_f-n_A.wav,117.41318468600032
section_05_source_train_normal_0662_vel_2_f-n_B.wav,83.72583928505242
section_05_source_train_normal_0663_vel_10_f-n_B.wav,108.92077925726039
section_05_source_train_normal_0664_vel_2_f-n_B.wav,109.93116397398441
section_05_source_train_normal_0665_vel_2_f-n_A.wav,230.59730013568782
section_05_source_train_normal_0666_vel_2_f-n_A.wav,210.57933449201653
section_05_source_train_normal_0667_vel_2_f-n_A.wav,106.86712594650152
section_05_source_train_normal_0668_vel_2_f-n_B.wav,165.42183686313103
section_05_source_train_normal_0669_vel_2_f-n_B.wav,236.2369501468915
section_05_source_train_normal_0670_vel_2_f-n_A.wav,124.41253001608591
section_05_source_train_normal_0671_vel_10_f-n_A.wav,68.96225365131482
section_05_source_train_normal_0672_vel_10_f-n_A.wav,71.41768938003167
section_05_source_train_normal_0673_vel_2_f-n_B.wav,105.59902024974028
section_05_source_train_normal_0674_vel_2_f-n_B.wav,166.4229674977538
section_05_source_train_normal_0675_vel_10_f-n_B.wav,177.29286686940515
section_05_source_train_normal_0676_vel_2_f-n_B.wav,190.4647156485102
section_05_source_train_normal_0677_vel_2_f-n_B.wav,83.86497005140501
section_05_source_train_normal_0678_vel_10_f-n_B.wav,132.03835669538805
section_05_source_train_normal_0679_vel_10_f-n_B.wav,151.87998672559632
section_05_source_train_normal_0680_vel_2_f-n_A.wav,135.7596331277367
section_05_source_train_normal_0681_vel_2_f-n_B.wav,94.13699733677117
section_05_source_train_normal_0682_vel_2_f-n_A.wav,72.59913844665704
section_05_source_train_normal_0683_vel_10_f-n_B.wav,100.77192097119092
section_05_source_train_normal_0684_vel_2_f-n_B.wav,79.81334991258245
section_05_source_train_normal_0685_vel_2_f-n_B.wav,118.42630998045206
section_05_source_train_normal_0686_vel_2_f-n_B.wav,78.29608710452783
section_05_source_train_normal_0687_vel_2_f-n_A.wav,73.29217892753604
section_05_source_train_normal_0688_vel_10_f-n_B.wav,144.88098417537515
section_05_source_train_normal_0689_vel_10_f-n_B.wav,107.89257473710825
section_05_source_train_normal_0690_vel_2_f-n_B.wav,114.65228913952365
section_05_source_train_normal_0691_vel_10_f-n_B.wav,90.71865292343898
section_05_source_train_normal_0692_vel_2_f-n_B.wav,138.3756756897852
section_05_source_train_normal_0693_vel_10_f-n_B.wav,132.59781314008887
section_05_source_train_normal_0694_vel_10_f-n_B.wav,114.43194698195373
section_05_source_train_normal_0695_vel_2_f-n_B.wav,110.81420255879195
section_05_source_train_normal_0696_vel_10_f-n_B.wav,101.99738008843431
section_05_source_train_normal_0697_vel_2_f-n_B.wav,132.6985608310738
section_05_source_train_normal_0698_vel_10_f-n_A.wav,106.69093179471045
section_05_source_train_normal_0699_vel_10_f-n_B.wav,89.13012896131693
section_05_source_train_normal_0700_vel_2_f-n_B.wav,122.84571780495642
section_05_source_train_normal_0701_vel_10_f-n_B.wav,105.03148169363207
section_05_source_train_normal_0702_vel_2_f-n_A.wav,78.82258272655756
section_05_source_train_normal_0703_vel_10_f-n_B.wav,101.45558103479124
section_05_source_train_normal_0704_vel_2_f-n_A.wav,116.76785045116743
section_05_source_train_normal_0705_vel_10_f-n_B.wav,69.85513710107
section_05_source_train_normal_0706_vel_10_f-n_B.wav,97.22394759817348
section_05_source_train_normal_0707_vel_10_f-n_A.wav,93.35567593858681
section_05_source_train_normal_0708_vel_2_f-n_B.wav,106.44612395465795
section_05_source_train_normal_0709_vel_2_f-n_B.wav,145.42169376749914
section_05_source_train_normal_0710_vel_10_f-n_B.wav,73.1949456122411
section_05_source_train_normal_0711_vel_2_f-n_B.wav,107.98529771570007
section_05_source_train_normal_0712_vel_2_f-n_B.wav,169.67254589204103
section_05_source_train_normal_0713_vel_2_f-n_A.wav,79.98657500327633
section_05_source_train_normal_0714_vel_10_f-n_A.wav,86.07902863715555
section_05_source_train_normal_0715_vel_2_f-n_B.wav,106.39998827302401
section_05_source_train_normal_0716_vel_10_f-n_B.wav,125.6925279982703
section_05_source_train_normal_0717_vel_10_f-n_B.wav,78.37979272913321
section_05_source_train_normal_0718_vel_10_f-n_B.wav,129.91011868952216
section_05_source_train_normal_0719_vel_10_f-n_B.wav,124.38437842721888
section_05_source_train_normal_0720_vel_2_f-n_A.wav,111.40094014400553
section_05_source_train_normal_0721_vel_2_f-n_B.wav,82.40585975153286
section_05_source_train_normal_0722_vel_10_f-n_A.wav,75.119756828758
section_05_source_train_normal_0723_vel_2_f-n_A.wav,103.20338888226316
section_05_source_train_normal_0724_vel_2_f-n_B.wav,195.09832299660957
section_05_source_train_normal_0725_vel_2_f-n_A.wav,72.8445206164026
section_05_source_train_normal_0726_vel_10_f-n_B.wav,85.20046292275697
section_05_source_train_normal_0727_vel_2_f-n_B.wav,85.6259839032096
section_05_source_train_normal_0728_vel_2_f-n_A.wav,73.54584002754683
section_05_source_train_normal_0729_vel_2_f-n_B.wav,77.76850718805144
section_05_source_train_normal_0730_vel_10_f-n_B.wav,93.4847873667164
section_05_source_train_normal_0731_vel_2_f-n_B.wav,128.1666078052392
section_05_source_train_normal_0732_vel_2_f-n_A.wav,126.34235722931543
section_05_source_train_normal_0733_vel_2_f-n_A.wav,139.097043046802
section_05_source_train_normal_0734_vel_10_f-n_B.wav,150.09140137884157
section_05_source_train_normal_0735_vel_10_f-n_A.wav,61.671224019565756
section_05_source_train_normal_0736_vel_10_f-n_A.wav,87.07975374627239
section_05_source_train_normal_0737_vel_2_f-n_B.wav,145.34790103936842
section_05_source_train_normal_0738_vel_10_f-n_B.wav,114.61792139618478
section_05_source_train_normal_0739_vel_2_f-n_A.wav,73.25324734064623
section_05_source_train_normal_0740_vel_10_f-n_A.wav,73.39394552234734
section_05_source_train_normal_0741_vel_10_f-n_A.wav,129.4815671819137
section_05_source_train_normal_0742_vel_10_f-n_A.wav,120.49561434033943
section_05_source_train_normal_0743_vel_2_f-n_B.wav,91.08785731589668
section_05_source_train_normal_0744_vel_2_f-n_B.wav,138.73575714607608
section_05_source_train_normal_0745_vel_2_f-n_B.wav,175.093762271534
section_05_source_train_normal_0746_vel_10_f-n_B.wav,99.6835925731333
section_05_source_train_normal_0747_vel_2_f-n_B.wav,242.79294624670018
section_05_source_train_normal_0748_vel_10_f-n_A.wav,124.37857732897164
section_05_source_train_normal_0749_vel_10_f-n_A.wav,90.14877649358783
section_05_source_train_normal_0750_vel_10_f-n_A.wav,72.2468938534648
section_05_source_train_normal_0751_vel_2_f-n_B.wav,173.98459149903044
section_05_source_train_normal_0752_vel_10_f-n_B.wav,69.65897914372982
section_05_source_train_normal_0753_vel_10_f-n_A.wav,66.94149592821677
section_05_source_train_normal_0754_vel_2_f-n_B.wav,115.07776399425154
section_05_source_train_normal_0755_vel_2_f-n_A.wav,277.88419001765567
section_05_source_train_normal_0756_vel_10_f-n_A.wav,106.7369075261931
section_05_source_train_normal_0757_vel_2_f-n_A.wav,83.8960739089745
section_05_source_train_normal_0758_vel_2_f-n_A.wav,88.62006759965388
section_05_source_train_normal_0759_vel_10_f-n_A.wav,123.19270476174354
section_05_source_train_normal_0760_vel_2_f-n_A.wav,68.15583527008067
section_05_source_train_normal_0761_vel_10_f-n_A.wav,125.30806602418473
section_05_source_train_normal_0762_vel_10_f-n_B.wav,105.06665465879672
section_05_source_train_normal_0763_vel_2_f-n_B.wav,109.2901457208805
section_05_source_train_normal_0764_vel_2_f-n_A.wav,82.05103591748656
section_05_source_train_normal_0765_vel_10_f-n_A.wav,152.09429179203082
section_05_source_train_normal_0766_vel_10_f-n_B.wav,121.03707726941957
section_05_source_train_normal_0767_vel_10_f-n_A.wav,68.94447058103103
section_05_source_train_normal_0768_vel_2_f-n_A.wav,99.21905883760827
section_05_source_train_normal_0769_vel_10_f-n_B.wav,75.56744057896134
section_05_source_train_normal_0770_vel_10_f-n_B.wav,74.05377817093819
section_05_source_train_normal_0771_vel_2_f-n_A.wav,108.67103553980627
section_05_source_train_normal_0772_vel_2_f-n_B.wav,132.80341703818561
section_05_source_train_normal_0773_vel_10_f-n_B.wav,89.37698125910109
section_05_source_train_normal_0774_vel_2_f-n_A.wav,77.81030012821347
section_05_source_train_normal_0775_vel_10_f-n_A.wav,77.55786362886161
section_05_source_train_normal_0776_vel_2_f-n_A.wav,124.00397608545622
section_05_source_train_normal_0777_vel_10_f-n_B.wav,129.62820205967267
section_05_source_train_normal_0778_vel_10_f-n_B.wav,105.14750731368991
section_05_source_train_normal_0779_vel_10_f-n_B.wav,175.18677081799012
section_05_source_train_normal_0780_vel_2_f-n_B.wav,150.3375251264946
section_05_source_train_normal_0781_vel_2_f-n_A.wav,83.25719231934977
section_05_source_train_normal_0782_vel_2_f-n_A.wav,69.71016881524076
section_05_source_train_normal_0783_vel_10_f-n_B.wav,146.74369879744177
section_05_source_train_normal_0784_vel_10_f-n_A.wav,68.78810801649331
section_05_source_train_normal_0785_vel_10_f-n_A.wav,131.84090879050405
section_05_source_train_normal_0786_vel_10_f-n_A.wav,72.94954834122359
section_05_source_train_normal_0787_vel_2_f-n_B.wav,153.1243671742593
section_05_source_train_normal_0788_vel_10_f-n_B.wav,115.11327642950073
section_05_source_train_normal_0789_vel_10_f-n_B.wav,131.52209508620783
section_05_source_train_normal_0790_vel_2_f-n_A.wav,80.30058486325638
section_05_source_train_normal_0791_vel_2_f-n_A.wav,104.57930444605874
section_05_source_train_normal_0792_vel_2_f-n_A.wav,69.62006176461301
section_05_source_train_normal_0793_vel_10_f-n_B.wav,154.19755989043165
section_05_source_train_normal_0794_vel_10_f-n_A.wav,113.02834596500846
section_05_source_train_normal_0795_vel_2_f-n_A.wav,69.36178263091301
section_05_source_train_normal_0796_vel_10_f-n_A.wav,121.32253966506549
section_05_source_train_normal_0797_vel_10_f-n_A.wav,119.81691752864462
section_05_source_train_normal_0798_vel_2_f-n_A.wav,72.25316707145527
section_05_source_train_normal_0799_vel_10_f-n_A.wav,101.47876542340903
section_05_source_train_normal_0800_vel_10_f-n_A.wav,77.62335131377944
section_05_source_train_normal_0801_vel_2_f-n_A.wav,76.19414484819535
section_05_source_train_normal_0802_vel_10_f-n_B.wav,150.4579136741577
section_05_source_train_normal_0803_vel_2_f-n_A.wav,117.68332560362863
section_05_source_train_normal_0804_vel_10_f-n_A.wav,67.51256214392265
section_05_source_train_normal_0805_vel_2_f-n_A.wav,73.33564028860724
section_05_source_train_normal_0806_vel_10_f-n_B.wav,84.03796675345382
section_05_source_train_normal_0807_vel_2_f-n_A.wav,76.97558642741976
section_05_source_train_normal_0808_vel_10_f-n_A.wav,89.75488210723785
section_05_source_train_normal_0809_vel_10_f-n_A.wav,229.50734438134305
section_05_source_train_normal_0810_vel_10_f-n_B.wav,108.03519606052134
section_05_source_train_normal_0811_vel_2_f-n_B.wav,112.86202003803979
section_05_source_train_normal_0812_vel_2_f-n_A.wav,76.68354773317711
section_05_source_train_normal_0813_vel_2_f-n_B.wav,121.37203734971456
section_05_source_train_normal_0814_vel_10_f-n_B.wav,114.23676641464188
section_05_source_train_normal_0815_vel_2_f-n_B.wav,120.35455743215647
section_05_source_train_normal_0816_vel_2_f-n_A.wav,101.58210715732588
section_05_source_train_normal_0817_vel_2_f-n_B.wav,91.95297932574374
section_05_source_train_normal_0818_vel_10_f-n_B.wav,97.89298042117728
section_05_source_train_normal_0819_vel_2_f-n_A.wav,107.01642576935667
section_05_source_train_normal_0820_vel_10_f-n_A.wav,73.06161286437441
section_05_source_train_normal_0821_vel_10_f-n_B.wav,131.18439072966356
section_05_source_train_normal_0822_vel_10_f-n_A.wav,67.94816909048467
section_05_source_train_normal_0823_vel_10_f-n_B.wav,106.5192367063178
section_05_source_train_normal_0824_vel_2_f-n_A.wav,71.1969095255779
section_05_source_train_normal_0825_vel_10_f-n_B.wav,174.99798217562306
section_05_source_train_normal_0826_vel_10_f-n_A.wav,83.92194201689267
section_05_source_train_normal_0827_vel_10_f-n_B.wav,77.16269087307992
section_05_source_train_normal_0828_vel_2_f-n_B.wav,125.75218117432098
section_05_source_train_normal_0829_vel_10_f-n_B.wav,118.96820160299285
section_05_source_train_normal_0830_vel_10_f-n_B.wav,99.49160278651885
section_05_source_train_normal_0831_vel_2_f-n_A.wav,68.64390292349646
section_05_source_train_normal_0832_vel_10_f-n_B.wav,111.75337802523805
section_05_source_train_normal_0833_vel_10_f-n_B.wav,133.40859784102696
section_05_source_train_normal_0834_vel_2_f-n_A.wav,75.9975940288808
section_05_source_train_normal_0835_vel_10_f-n_A.wav,82.0316778528985
section_05_source_train_normal_0836_vel_10_f-n_A.wav,78.47322091516563
section_05_source_train_normal_0837_vel_2_f-n_A.wav,74.88090221708907
section_05_source_train_normal_0838_vel_10_f-n_A.wav,96.06265223783443
section_05_source_train_normal_0839_vel_10_f-n_B.wav,123.31507742676493
section_05_source_train_normal_0840_vel_2_f-n_B.wav,133.64346822333133
section_05_source_train_normal_0841_vel_10_f-n_B.wav,95.28160716653123
section_05_source_train_normal_0842_vel_10_f-n_B.wav,111.66841550606954
section_05_source_train_normal_0843_vel_2_f-n_A.wav,97.91428643571679
section_05_source_train_normal_0844_vel_10_f-n_A.wav,123.5048420861876
section_05_source_train_normal_0845_vel_2_f-n_A.wav,74.65680269361573
section_05_source_train_normal_0846_vel_10_f-n_B.wav,125.13651988169961
section_05_source_train_normal_0847_vel_2_f-n_A.wav,69.5955936841836
section_05_source_train_normal_0848_vel_2_f-n_B.wav,117.21216784599235
section_05_source_train_normal_0849_vel_10_f-n_A.wav,75.00738061424855
section_05_source_train_normal_0850_vel_10_f-n_B.wav,115.66814708170261
section_05_source_train_normal_0851_vel_10_f-n_B.wav,220.50592848541123
section_05_source_train_normal_0852_vel_10_f-n_A.wav,68.13744056952515
section_05_source_train_normal_0853_vel_2_f-n_A.wav,71.5300054354393
section_05_source_train_normal_0854_vel_2_f-n_A.wav,69.180900767863
section_05_source_train_normal_0855_vel_2_f-n_B.wav,117.86984328508109
section_05_source_train_normal_0856_vel_10_f-n_A.wav,292.68772032001164
section_05_source_train_normal_0857_vel_2_f-n_B.wav,136.10546900098313
section_05_source_train_normal_0858_vel_10_f-n_A.wav,118.85336170746989
section_05_source_train_normal_0859_vel_2_f-n_B.wav,77.37678453558337
section_05_source_train_normal_0860_vel_10_f-n_A.wav,72.8731980656288
section_05_source_train_normal_0861_vel_2_f-n_B.wav,104.37487219210561
section_05_source_train_normal_0862_vel_10_f-n_A.wav,71.17271715732718
section_05_source_train_normal_0863_vel_2_f-n_A.wav,95.23352987768936
section_05_source_train_normal_0864_vel_2_f-n_A.wav,97.35251224106266
section_05_source_train_normal_0865_vel_2_f-n_B.wav,140.91870100917237
section_05_source_train_normal_0866_vel_10_f-n_A.wav,63.35648483935813
section_05_source_train_normal_0867_vel_2_f-n_A.wav,93.39616984035845
section_05_source_train_normal_0868_vel_2_f-n_B.wav,124.97884006998396
section_05_source_train_normal_0869_vel_10_f-n_B.wav,139.73801546181707
section_05_source_train_normal_0870_vel_2_f-n_B.wav,124.63262835190751
section_05_source_train_normal_0871_vel_10_f-n_A.wav,72.82555728162671
section_05_source_train_normal_0872_vel_2_f-n_B.wav,146.14185993610906
section_05_source_train_normal_0873_vel_2_f-n_A.wav,75.88529548877284
section_05_source_train_normal_0874_vel_10_f-n_B.wav,122.21769558629956
section_05_source_train_normal_0875_vel_2_f-n_B.wav,129.39673495529064
section_05_source_train_normal_0876_vel_2_f-n_B.wav,122.916485215372
section_05_source_train_normal_0877_vel_10_f-n_B.wav,97.19906682419801
section_05_source_train_normal_0878_vel_10_f-n_B.wav,199.97009060007474
section_05_source_train_normal_0879_vel_10_f-n_A.wav,126.06458690620236
section_05_source_train_normal_0880_vel_2_f-n_B.wav,137.19630005507946
section_05_source_train_normal_0881_vel_10_f-n_B.wav,96.2391633214138
section_05_source_train_normal_0882_vel_10_f-n_A.wav,74.82454668928239
section_05_source_train_normal_0883_vel_2_f-n_A.wav,183.32228103006022
section_05_source_train_normal_0884_vel_10_f-n_A.wav,74.53148992330074
section_05_source_train_normal_0885_vel_2_f-n_A.wav,67.52612146706929
section_05_source_train_normal_0886_vel_2_f-n_A.wav,83.50745284666755
section_05_source_train_normal_0887_vel_2_f-n_A.wav,65.82682565163762
section_05_source_train_normal_0888_vel_2_f-n_B.wav,170.1127716444385
section_05_source_train_normal_0889_vel_2_f-n_A.wav,223.31365871097256
section_05_source_train_normal_0890_vel_10_f-n_B.wav,102.2699331798816
section_05_source_train_normal_0891_vel_2_f-n_A.wav,104.85088039841874
section_05_source_train_normal_0892_vel_2_f-n_A.wav,84.74237535418288
section_05_source_train_normal_0893_vel_10_f-n_B.wav,159.71084722193783
section_05_source_train_normal_0894_vel_2_f-n_B.wav,110.63071367957633
section_05_source_train_normal_0895_vel_2_f-n_A.wav,118.63508078577466
section_05_source_train_normal_0896_vel_2_f-n_B.wav,100.45939033647758
section_05_source_train_normal_0897_vel_10_f-n_A.wav,77.70196013410313
section_05_source_train_normal_0898_vel_10_f-n_A.wav,117.0927596614534
section_05_source_train_normal_0899_vel_2_f-n_A.wav,88.42810870220882
section_05_source_train_normal_0900_vel_10_f-n_A.wav,116.8607814771916
section_05_source_train_normal_0901_vel_2_f-n_A.wav,68.47676303065208
section_05_source_train_normal_0902_vel_2_f-n_B.wav,107.98473683658355
section_05_source_train_normal_0903_vel_10_f-n_A.wav,74.67994389238814
section_05_source_train_normal_0904_vel_10_f-n_A.wav,69.01059276229273
section_05_source_train_normal_0905_vel_10_f-n_B.wav,110.78280697883957
section_05_source_train_normal_0906_vel_10_f-n_B.wav,119.75471852944813
section_05_source_train_normal_0907_vel_2_f-n_B.wav,86.18760509663065
section_05_source_train_normal_0908_vel_2_f-n_B.wav,101.06789818416328
section_05_source_train_normal_0909_vel_10_f-n_A.wav,76.46664801723813
section_05_source_train_normal_0910_vel_10_f-n_A.wav,71.90157164499257
section_05_source_train_normal_0911_vel_10_f-n_B.wav,77.5679371668864
section_05_source_train_normal_0912_vel_10_f-n_B.wav,90.40898293726147
section_05_source_train_normal_0913_vel_10_f-n_A.wav,78.08466044815663
section_05_source_train_normal_0914_vel_10_f-n_B.wav,152.00038707893376
section_05_source_train_normal_0915_vel_2_f-n_B.wav,163.6981474291972
section_05_source_train_normal_0916_vel_10_f-n_A.wav,82.79076599142923
section_05_source_train_normal_0917_vel_10_f-n_B.wav,98.96017446270196
section_05_source_train_normal_0918_vel_2_f-n_A.wav,80.9396365060482
section_05_source_train_normal_0919_vel_2_f-n_A.wav,104.37065568187232
section_05_source_train_normal_0920_vel_2_f-n_B.wav,159.56275900878995
section_05_source_train_normal_0921_vel_10_f-n_B.wav,140.75635419973756
section_05_source_train_normal_0922_vel_10_f-n_B.wav,192.01008968770196
section_05_source_train_normal_0923_vel_2_f-n_A.wav,75.66160713959846
section_05_source_train_normal_0924_vel_2_f-n_B.wav,220.70015584829838
section_05_source_train_normal_0925_vel_2_f-n_B.wav,71.42969657149038
section_05_source_train_normal_0926_vel_10_f-n_A.wav,70.68569020536427
section_05_source_train_normal_0927_vel_2_f-n_B.wav,129.78176708116717
section_05_source_train_normal_0928_vel_10_f-n_A.wav,116.27530510358189
section_05_source_train_normal_0929_vel_10_f-n_A.wav,91.39962711651185
section_05_source_train_normal_0930_vel_2_f-n_B.wav,112.10249630763605
section_05_source_train_normal_0931_vel_10_f-n_B.wav,141.41703698442223
section_05_source_train_normal_0932_vel_10_f-n_A.wav,65.6883474072871
section_05_source_train_normal_0933_vel_2_f-n_A.wav,82.17560287493086
section_05_source_train_normal_0934_vel_2_f-n_B.wav,87.41296886123894
section_05_source_train_normal_0935_vel_10_f-n_B.wav,91.5422776938887
section_05_source_train_normal_0936_vel_10_f-n_A.wav,73.5093898013038
section_05_source_train_normal_0937_vel_10_f-n_A.wav,73.5727544348814
section_05_source_train_normal_0938_vel_2_f-n_B.wav,149.06297074133153
section_05_source_train_normal_0939_vel_2_f-n_A.wav,78.45084038652965
section_05_source_train_normal_0940_vel_10_f-n_B.wav,138.07043354084414
section_05_source_train_normal_0941_vel_2_f-n_B.wav,90.13767200140049
section_05_source_train_normal_0942_vel_10_f-n_B.wav,230.59395043492162
section_05_source_train_normal_0943_vel_2_f-n_B.wav,119.8949460744478
section_05_source_train_normal_0944_vel_2_f-n_B.wav,154.04165207420843
section_05_source_train_normal_0945_vel_10_f-n_B.wav,112.77478816836555
section_05_source_train_normal_0946_vel_2_f-n_A.wav,75.619886945382
section_05_source_train_normal_0947_vel_2_f-n_B.wav,135.9428396517171
section_05_source_train_normal_0948_vel_2_f-n_A.wav,75.43120544023938
section_05_source_train_normal_0949_vel_2_f-n_A.wav,118.38429496572947
section_05_source_train_normal_0950_vel_10_f-n_A.wav,70.5030252723127
section_05_source_train_normal_0951_vel_10_f-n_B.wav,73.91590192511902
section_05_source_train_normal_0952_vel_2_f-n_B.wav,137.3386343033722
section_05_source_train_normal_0953_vel_10_f-n_B.wav,65.6860463528509
section_05_source_train_normal_0954_vel_2_f-n_B.wav,124.70270791102129
section_05_source_train_normal_0955_vel_2_f-n_A.wav,73.96957937186235
section_05_source_train_normal_0956_vel_10_f-n_B.wav,104.5904693038747
section_05_source_train_normal_0957_vel_2_f-n_B.wav,121.06358416673083
section_05_source_train_normal_0958_vel_2_f-n_B.wav,158.17097097712423
section_05_source_train_normal_0959_vel_10_f-n_B.wav,109.92837155367624
section_05_source_train_normal_0960_vel_10_f-n_B.wav,98.48716815690858
section_05_source_train_normal_0961_vel_10_f-n_A.wav,88.964026978405
section_05_source_train_normal_0962_vel_2_f-n_A.wav,72.93684141229565
section_05_source_train_normal_0963_vel_10_f-n_B.wav,124.53427022609523
section_05_source_train_normal_0964_vel_2_f-n_B.wav,116.64415358653244
section_05_source_train_normal_0965_vel_10_f-n_A.wav,96.97076192863676
section_05_source_train_normal_0966_vel_10_f-n_A.wav,77.91868070569825
section_05_source_train_normal_0967_vel_10_f-n_A.wav,69.49377343687101
section_05_source_train_normal_0968_vel_2_f-n_B.wav,108.9390286613015
section_05_source_train_normal_0969_vel_10_f-n_B.wav,129.00712550974885
section_05_source_train_normal_0970_vel_2_f-n_A.wav,76.15942487663341
section_05_source_train_normal_0971_vel_10_f-n_B.wav,153.86370853734866
section_05_source_train_normal_0972_vel_10_f-n_A.wav,125.74104404926562
section_05_source_train_normal_0973_vel_2_f-n_B.wav,147.40675490207025
section_05_source_train_normal_0974_vel_2_f-n_A.wav,81.82610565728518
section_05_source_train_normal_0975_vel_10_f-n_B.wav,82.1172903739139
section_05_source_train_normal_0976_vel_10_f-n_A.wav,109.58747842517279
section_05_source_train_normal_0977_vel_10_f-n_A.wav,81.7250514948089
section_05_source_train_normal_0978_vel_10_f-n_B.wav,82.2887972395825
section_05_source_train_normal_0979_vel_2_f-n_A.wav,199.3011799560009
section_05_source_train_normal_0980_vel_2_f-n_A.wav,131.9969770073829
section_05_source_train_normal_0981_vel_2_f-n_A.wav,107.52720214558063
section_05_source_train_normal_0982_vel_2_f-n_B.wav,82.12346267449865
section_05_source_train_normal_0983_vel_2_f-n_B.wav,139.64148074782864
section_05_source_train_normal_0984_vel_2_f-n_B.wav,134.4589442446563
section_05_source_train_normal_0985_vel_10_f-n_A.wav,106.65713608947702
section_05_source_train_normal_0986_vel_2_f-n_A.wav,80.39151910957023
section_05_source_train_normal_0987_vel_2_f-n_A.wav,93.1980654262128
section_05_source_train_normal_0988_vel_10_f-n_A.wav,113.23826067680382
section_05_source_train_normal_0989_vel_10_f-n_B.wav,186.1087465750415
section_05_target_train_normal_0000_vel_10_f-n_D.wav,99.60568165199204
section_05_target_train_normal_0001_vel_2_f-n_D.wav,223.8818082628701
section_05_target_train_normal_0002_vel_2_f-n_D.wav,108.97449658070424
section_05_target_train_normal_0003_vel_2_f-n_D.wav,97.2861904053144
section_05_target_train_normal_0004_vel_10_f-n_D.wav,100.98465660607151
section_05_target_train_normal_0005_vel_2_f-n_D.wav,124.3586534666237
section_05_target_train_normal_0006_vel_10_f-n_D.wav,117.53454311426704
section_05_target_train_normal_0007_vel_2_f-n_D.wav,176.7189639806964
section_05_target_train_normal_0008_vel_10_f-n_D.wav,146.24323753343086
section_05_target_train_normal_0009_vel_10_f-n_D.wav,114.5848316757298
